Código;Nombre;Fabricante;Modelo;Número de Serial;Patente;Tipo;Clasificación 1;Clasificación 2;Ubicado en ó es Parte de;Formulario Personalizado
CAAL-0002;CAMION ALJIBE;IVECO;MLC 170 E 22;8ATA1NFH0CX078832;CYWH-25;CAMIONES ALJIBE;CAMIONES;2012;// GRUPO EMI/ CC-0003 MAQUINARIAS Y EQUIPOS EIMI/ ;VENTA
CAAL-0003;CAMION ALJIBE;VOLVO;FMX 460 6X4;93KXG20DXKE867613;LLXH-10;CAMIONES ALJIBE;CAMIONES;2019;// GRUPO EMI/ CC-0003 - CALAMA/ ;EN PREPARACION OBRA
CAAL-0004;CAMION ALJIBE;VOLVO;FMX 460 6X4;93KXG20D2LE869153;LPRB-66;CAMIONES ALJIBE;CAMIONES;2019;// GRUPO EMI/ CC-0389 K484 ENAP - SWS and WSA unit - Aconcagua Refinery, Chile - I03 General Construction Works/ ;OPERATIVO - EN USO
CABM-0006;CAMION BOMBA;VOLVO;FMX 500 8X4;93KXG30G1LEB870827;LPCV-58;BOMBAS DE HORMIGON;CAMIONES;2019;// GRUPO EMI/ CC-0403 RADOMIRO TOMIC/ ;OPERATIVO - EN USO
CABM-0007;CAMION BOMBA ;VOLVO;FMX 500 8X4;93KXG30G0LE868790;LPRB-17;CAMION BOMBA;CAMIONES;2019;// GRUPO EMI/ CC-0400 COLLAHUASI/ ;OPERATIVO - EN USO
CAMT-0001;CAMION MANTENCION;MITSUBISHI;CANTER 915;JL6CLH6A3LK000528;LJSG-36;CAMIONES MANTENCION;CAMIONES;2019;// GRUPO EMI/ CC-0003 - CALAMA/ ;OPERATIVO - EN USO
CAMT-0002;CAMION MANTENCION;VOLVO;VM;93KKSNOAOGE157368;LRTC-15;CAMIONES MANTENCION;CAMIONES;2019;// GRUPO EMI/ CC-0003 MAQUINARIAS Y EQUIPOS EIMI/ ;VENTA
CAPL-0019;CAMION PLUMA;INTERNATIONAL;7600 AT;3HAWYAHT1KL433223;LLXH-23;CAMIONES PLUMA;CAMIONES;2019;// GRUPO EMI/ CC-0003 - CALAMA/ ;FUERA DE SERVICIO - REPARACION - MANTENCION
CAPL-0020;CAMION PLUMA;INTERNATIONAL;7600 AT;3HAWYAHT3KL431604;LLXH-24;CAMIONES PLUMA;CAMIONES;2019;// GRUPO EMI/ CC-0003 - CALAMA/ ;FUERA DE SERVICIO - REPARACION - MANTENCION
CAPL-0021;CAMION PLUMA;INTERNATIONAL;7600 AT;3HTWYAHTXKN650488;LLXH-25;CAMIONES PLUMA;CAMIONES;2019;// GRUPO EMI/ CC-0389 K484 ENAP - SWS and WSA unit - Aconcagua Refinery, Chile - I03 General Construction Works/ ;OPERATIVO - EN USO
CAPL-0022;CAMION PLUMA;INTERNATIONAL;7600 AT;3HAWYAHT8KL432943;LLXH-26;CAMIONES PLUMA;CAMIONES;2019;// GRUPO EMI/ CC-0403 RADOMIRO TOMIC/ ;OPERATIVO - EN USO
CAPL-0024;CAMION PLUMA;INTERNATIONAL;7600-2019;3HTWYAHT1KN414814;LPCL-34;CAMIONES PLUMA;CAMIONES;2019;"// GRUPO EMI/ CC-0412 EJECUCION MONTAJES ELECTROMECANICO""PROYECTO NUEVAS PRENSAS DE LODOS-PLANTA SANTA FE/ ";OPERATIVO - EN USO
CAPL-0025;CAMION PLUMA;INTERNATIONAL;7600-2019;3HTWYAHTXKN414858;LPCL-35;CAMIONES PLUMA;CAMIONES;2019;// GRUPO EMI/ CC-0389 K484 ENAP - SWS and WSA unit - Aconcagua Refinery, Chile - I03 General Construction Works/ ;OPERATIVO - EN USO
CAPL-0027;CAMION PLUMA;FREIGHTLINER;M2 106 6X4 AT;3ALHCYCY0SDWD2517;TZZY-98;CAMIONES PLUMA;CAMIONES;2025;// GRUPO EMI/ CC-0408 RAJO OXIDOS/ ;OPERATIVO - EN USO
CAPL-0028;CAMION PLUMA;FREIGHTLINER;M2 106 6X4 AT MIXTO;3ALHCYCYXSDWD2511;VCYC-78;CAMIONES PLUMA;CAMIONES;2025;// GRUPO EMI/ CC-0403 RADOMIRO TOMIC/ ;OPERATIVO - EN USO
CAPL-0029;CAMION PLUMA;FREIGHTLINER;M2 106 6X4 AT MIXTO;3ALHCYCY2SDWD2518;VCYC-77;CAMIONES PLUMA;CAMIONES;2025;// GRUPO EMI/ CC-0413 EJECUCION MONTAJES ESPESADOR DE CABEZA PMFC-DAND/ ;OPERATIVO - EN USO
CAPL-0030;CAMION PLUMA;FREIGHTLINER;M2 106 6X4 AT MIXTO;3ALHCYCY1SDWD2509;VCYC-76;CAMIONES PLUMA;CAMIONES;2025;// GRUPO EMI/ CC-0405 CONTRATO OBRAS USO RECURSOS HUMANOS/ ;OPERATIVO - EN USO
CAPL-0031;CAMION PLUMA;MACK;GR64BX;1M2GR3HC0SM004755;VPSD-30;CAMIONES PLUMA;CAMIONES;2026;// GRUPO EMI/ CC-0405 CONTRATO OBRAS USO RECURSOS HUMANOS/ ;OPERATIVO - EN USO
CAPL-0032;CAMION PLUMA;MACK;GR64BX;1M2GR3HC1SM004747;VPRP-94;CAMIONES PLUMA;CAMIONES;2026;// GRUPO EMI/ CC-0408 RAJO OXIDOS/ ;OPERATIVO - EN USO
CAPL-0033;CAMION PLUMA;MACK;GR64BX;1M2GR3HC3SM004748;VPRP-67;CAMIONES PLUMA;CAMIONES;2026;// GRUPO EMI/ CC-0400 COLLAHUASI/ ;OPERATIVO - EN USO
CAPL-0034;CAMION PLUMA;MACK;GR64BX;1M2GR3HC3SM004751;VPRP-75;CAMIONES PLUMA;CAMIONES;2026;// GRUPO EMI/ CC-0406 CONSTRUCCION DEFENSAS FLUVIALES/ ;OPERATIVO - EN USO
CAPL-0035;CAMION PLUMA;MACK;GR64BX;1M2GR3HC9SM004754;VPRP-62;CAMIONES PLUMA;CAMIONES;2026;// GRUPO EMI/ CC-0415 Construccion y montajecondensadores sincronos S/E montemina/ ;OPERATIVO - EN USO
CAPL-0036;CAMION PLUMA;MACK;GR64BX;1M2GR3HC2SM004756;VPZW-17;CAMIONES PLUMA;CAMIONES;2026;// GRUPO EMI/ CC-0003 MAQUINARIAS Y EQUIPOS EIMI/ ;EN PREPARACION OBRA
CAPL-0037;CAMION PLUMA;MACK;GR64BX;1M2GR3HC4SM004757;VPZW-22;CAMIONES PLUMA;CAMIONES;2026;// GRUPO EMI/ CC-0397 Construccion y montajecondensadores sincronos S/E Ana Maria/ ;OPERATIVO - EN USO
CAPL-0038;CAMION PLUMA;MACK;GR64BX;1M2GR3HC6SM004761;VPZW-25;CAMIONES PLUMA;CAMIONES;2026;// GRUPO EMI/ CC-0387 EPC MUELLE CENTINELA/ ;OPERATIVO - EN USO
CAPL-0039;CAMION PLUMA;MACK;GR64BX;1M2GR3HC8SM004759;VPZX-15;CAMIONES PLUMA;CAMIONES;2026;// GRUPO EMI/ CC-0403 RADOMIRO TOMIC/ ;OPERATIVO - EN USO
CAPL-0040;CAMION PLUMA;MACK;GR64BX;1M2GR3HCXSM004763;VPZX-18;CAMIONES PLUMA;CAMIONES;2026;// GRUPO EMI/ CC-0413 EJECUCION MONTAJES ESPESADOR DE CABEZA PMFC-DAND/ ;OPERATIVO - EN USO
CATC-0003;CAMION PLANO;FORD;CARGO 916;9BFVEADS6GBS93352;HSTG-98;CAMIONES PLANO;CAMIONES;2016;// GRUPO EMI/ CC-0003 MAQUINARIAS Y EQUIPOS EIMI/ ;VENTA
CATC-0004;CAMION PLANO;HINO;XZU;JHHZCT2H8HK007715;JKTD-56;CAMIONES PLANO;CAMIONES;2017;// GRUPO EMI/ CC-0003 MAQUINARIAS Y EQUIPOS EIMI/ ;VENTA
CATC-0005;CAMION PLANO;MITSUBISHI;CANTER 915;JL6CLH6A8HK001231;JCCD-47;CAMIONES PLANO;CAMIONES;2017;// GRUPO EMI/ CC-0003 MAQUINARIAS Y EQUIPOS EIMI/ ;VENTA
CATC-0008;CAMION PLANO;MITSUBISHI;CANTER 815;JL6CJH6A3HK001563;KFLT-32;CAMIONES PLANO;CAMIONES;2018;// GRUPO EMI/ CC-0003 MAQUINARIAS Y EQUIPOS EIMI/ ;VENTA
CATC-0009;CAMION PLANO;MITSUBISHI;CANTER 915;JL6CLH6A2LK000505;LJSG-38;CAMIONES PLANO;CAMIONES;2019;// GRUPO EMI/ CC-0003 MAQUINARIAS Y EQUIPOS EIMI/ ;VENTA
CATC-0010;CAMION PLANO;MITSUBISHI;CANTER 815 EURO V DUONIC;JL6CJH6A6TK003221;VRLK-38;;;2026;// GRUPO EMI/ CC-0003 MAQUINARIAS Y EQUIPOS EIMI/ ;EN PREPARACION OBRA
CATV-0001;CAMION TOLVA;VOLVO;FMX 460 6X4;93KXG20D8LE868698;LLXH-11;CAMIONES TOLVA;CAMIONES;2019;// GRUPO EMI/ CC-0403 RADOMIRO TOMIC/ ;OPERATIVO - EN USO
CATV-0002;CAMION TOLVA;VOLVO;FMX 460 6X4;93KXG20D0LE868699;LLXG-91;CAMIONES TOLVA;CAMIONES;2019;// GRUPO EMI/ CC-0415 Construccion y montajecondensadores sincronos S/E montemina/ ;OPERATIVO - EN USO
CATV-0003;CAMION TOLVA;VOLVO;FMX 460 6X4;93KXG20D5KE867270;LLXH-12;CAMIONES TOLVA;CAMIONES;2019;// GRUPO EMI/ CC-0415 Construccion y montajecondensadores sincronos S/E montemina/ ;OPERATIVO - EN USO
CMBJ-0004;SEMIREMOLQUE CAMA BAJA;EAGER BEAVER;60 GSL/3+4 EJE FLIP 70 TON 2.60 ANCHO;112SD3525PL086667;GRHP-97;CAMAS BAJAS;CAMIONES;2023;// GRUPO EMI/ CC-0403 RADOMIRO TOMIC/ ;OPERATIVO - EN USO
CMCB-0003;CAMION COMBUSTIBLE;MITSUBISHI-FUSO;CANTER 915;JL6CLH6A0LK000437;LJSG-35;CAMION COMBUSTIBLE;CAMIONES;2019;// GRUPO EMI/ CC-0389 K484 ENAP - SWS and WSA unit - Aconcagua Refinery, Chile - I03 General Construction Works/ ;OPERATIVO - EN USO
CMCB-0004;CAMION COMBUSTIBLE;MITSUBISHI-FUSO;CANTER 915;JL6CLH6A7LK000435;LPKR-41;CAMION COMBUSTIBLE;CAMIONES;2019;// GRUPO EMI/ CC-0003 MAQUINARIAS Y EQUIPOS EIMI/ ;VENTA
CMPT-0001;COMPRESOR;ATLAS COPCO;XAS 97 DD;AIP603366;36 Kw;COMPRESORES DE AIRE;EQUIPOS MENORES;2007;// GRUPO EMI/ CC-0003 DEPTO. EQUIPOS - PATIO 2/ ;VENTA
CMPT-0010;COMPRESOR;ATLAS COPCO;XAS 127 KD;APP 247633;71 KW;COMPRESORES DE AIRE;EQUIPOS MENORES;2012;// GRUPO EMI/ CC-0003 DEPTO. EQUIPOS - PATIO 2/ ;VENTA
CMPT-0011;COMPRESOR;ATLAS COPCO;XAS 127 KD;APP 248361;71 KW;COMPRESORES DE AIRE;EQUIPOS MENORES;2012;// GRUPO EMI/ CC-0003 MAQUINARIAS Y EQUIPOS EIMI/ ;VENTA
CMPT-0012;COMPRESOR;KAESER;M100;WKA0F1601C451069;71,7 KW;COMPRESORES DE AIRE;EQUIPOS MENORES;2012;// GRUPO EMI/ CC-0003 DEPTO. EQUIPOS - PATIO 2/ ;VENTA
CMPT-0013;COMPRESOR;ATLAS COPCO;XAS 400;WUIX540704;;COMPRESORES DE AIRE;EQUIPOS MENORES;2019;// GRUPO EMI/ CC-0003 MAQUINARIAS Y EQUIPOS EIMI/ ;EN PREPARACION OBRA
CMPT-0014;COMPRESOR;ATLAS COPCO;XAS 400;WUX540706;;COMPRESORES DE AIRE;EQUIPOS MENORES;2019;// GRUPO EMI/ CC-0003 MAQUINARIAS Y EQUIPOS EIMI/ ;EN PREPARACION OBRA
CMPT-0015;COMPRESOR;ATLAS COPCO;XAS 400;WUX540707;;COMPRESORES DE AIRE;EQUIPOS MENORES;2019;// GRUPO EMI/ CC-0003 MAQUINARIAS Y EQUIPOS EIMI/ ;DISPONIBLE PARA ARRIENDO
CMPT-0016;COMPRESOR;ATLAS COPCO;U 190;WUX633371;N° MOTOR 1KJ4907;COMPRESORES DE AIRE;EQUIPOS MENORES;2019;// GRUPO EMI/ CC-0003 MAQUINARIAS Y EQUIPOS EIMI/ ;VENTA
CMPT-0017;COMPRESOR;ATLAS COPCO;XAS 800 CUD PACE;BQD114977;;COMPRESORES DE AIRE;EQUIPOS MENORES;2019;// GRUPO EMI/ CC-0003 MAQUINARIAS Y EQUIPOS EIMI/ ;VENTA
CMPT-0018;COMPRESOR;ATLAS COPCO;XAS 450;WUX540934;;COMPRESORES DE AIRE;EQUIPOS MENORES;2019;// GRUPO EMI/ CC-0003 MAQUINARIAS Y EQUIPOS EIMI/ ;DISPONIBLE PARA ARRIENDO
CMPT-0019;COMPRESOR;ATLAS COPCO;XAS 186;APP566599;;COMPRESORES DE AIRE;EQUIPOS MENORES;2018;// GRUPO EMI/ CC-0003 MAQUINARIAS Y EQUIPOS EIMI/ ;VENTA
CTAP-0069;CAMIONETA;FORD;RANGER XLT D/CAB;8AFAR23L8GJ395943;HYKP-51;CAMIONETAS;VEHÍCULOS MENORES;2016;// GRUPO EMI/ CC-0409 CENTRO DE OPERACIONES RANCAGUA/ ;OPERATIVO - EN USO
CTAP-0101;CAMIONETA;FORD;RANGER 3,2 XLT 4X2;8AFAR22L7HJ000850;JXZV-76;CAMIONETAS;VEHÍCULOS MENORES;2018;// GRUPO EMI/ CC-0012 CENTRO DE OPERACIONES CORONEL /100/ ;OPERATIVO - EN USO
CTAP-0127;CAMIONETA;FORD;FORD RANGER XLS 4X4 3.2;8AFAR23WXKJ155327;LPHT-95;CAMIONETAS;VEHÍCULOS MENORES;2019;// GRUPO EMI/ CC-0003 MAQUINARIAS Y EQUIPOS EIMI/ ;OPERATIVO - EN USO
CTAP-0136;CAMIONETA;VOLKSWAGEN;AMAROK;WV1ZZZ2HKA042847;LVGY-89;CAMIONETAS;VEHÍCULOS MENORES;2020;// GRUPO EMI/ CC-0011 OFICINA CENTRAL EIMI/ ;OPERATIVO - EN USO
CTAP-0142;CAMIONETA;MAZDA;BT 50 4X4 DCAB 3.2 AUT;MM7UR4DG1MW091230;PGXT-19;CAMIONETAS;VEHÍCULOS MENORES;2020;// GRUPO EMI/ CC-0003 MAQUINARIAS Y EQUIPOS EIMI/ ;OPERATIVO - EN USO
CTAP-0143;CAMIONETA;MAZDA;BT-50;MM7UR4DE8NW147521;RCWT-23;CAMIONETAS;VEHÍCULOS MENORES;2021;// GRUPO EMI/ CC-0011 OFICINA CENTRAL EIMI/ ;OPERATIVO - EN USO
CTAP-0145;CAMIONETA;MAZDA;BT-50;MM7UR4DEXNW147570;RCWT-25;CAMIONETAS;VEHÍCULOS MENORES;2021;// GRUPO EMI/ CC-0002 BODEGA CENTRAL EIMI/ ;OPERATIVO - EN USO
CTAP-0146;CAMIONETA;MAZDA;BT-50;MM7UR4DE2NW144856;RCWT-22;CAMIONETAS;VEHÍCULOS MENORES;2021;// GRUPO EMI/ CC-0406 CONSTRUCCION DEFENSAS FLUVIALES/ ;OPERATIVO - EN USO
CTAP-0150;CAMIONETA;MAZDA;ALL NEW BT-50 HIGH 4X4 6AT;MP2TFS40JNT016357;RLGD-24-2;CAMIONETAS;VEHÍCULOS MENORES;2022;// GRUPO EMI/ CC-0011 OFICINA CENTRAL EIMI/ ;OPERATIVO - EN USO
CTAP-0151;CAMIONETA;TOYOTA;NEW HILUX 4X4 2.4L MT DX.;8AJDB3CD4N1317095;RLVZ-78;CAMIONETAS;VEHÍCULOS MENORES;2022;// GRUPO EMI/ CC-0389 K484 ENAP - SWS and WSA unit - Aconcagua Refinery, Chile - I03 General Construction Works/ ;OPERATIVO - EN USO
CTAP-0152;CAMIONETA;TOYOTA;NEW HILUX 4X4 2.4L MT DX.;8AJDB3CD5N1317090;RLVZ-79;CAMIONETAS;VEHÍCULOS MENORES;2022;// GRUPO EMI/ CC-0012 CENTRO DE OPERACIONES CORONEL /100/ ;OPERATIVO - EN USO
CTAP-0153;CAMIONETA;TOYOTA;NEW HILUX 4X4 2.4L MT DX.;8AJDB3CD2N1317094;RLVZ-80-1;CAMIONETAS;VEHÍCULOS MENORES;2022;// GRUPO EMI/ CC-0003 MAQUINARIAS Y EQUIPOS EIMI/ ;OPERATIVO - EN USO
CTAP-0154;CAMIONETA;TOYOTA;NEW HILUX 4X4 2.4L MT DX.;8AJDB3CD1N1317166;RLVZ-83;CAMIONETAS;VEHÍCULOS MENORES;2022;// GRUPO EMI/ CC-0400 COLLAHUASI/ ;OPERATIVO - EN USO
CTAP-0155;CAMIONETA;TOYOTA;NEW HILUX 4X4 2.4L MT DX.;8AJDB3CD7N1317091;RLVZ-84-4;CAMIONETAS;VEHÍCULOS MENORES;2022;"// GRUPO EMI/ CC-0412 EJECUCION MONTAJES ELECTROMECANICO""PROYECTO NUEVAS PRENSAS DE LODOS-PLANTA SANTA FE/ ";OPERATIVO - EN USO
CTAP-0158;CAMIONETA;TOYOTA;NEW HILUX 4X4 2.4L MT DX.;8AJDB3CD2N1317760;RPYP-11;CAMIONETAS;VEHÍCULOS MENORES;2022;// GRUPO EMI/ CC-0389 K484 ENAP - SWS and WSA unit - Aconcagua Refinery, Chile - I03 General Construction Works/ ;OPERATIVO - EN USO
CTAP-0159;CAMIONETA;TOYOTA;NEW HILUX 4X4 2.4L MT DX.;8AJDB3CD2N1317743;RPYL-98;CAMIONETAS;VEHÍCULOS MENORES;2022;// GRUPO EMI/ CC-0389 K484 ENAP - SWS and WSA unit - Aconcagua Refinery, Chile - I03 General Construction Works/ ;OPERATIVO - EN USO
CTAP-0160;CAMIONETA;TOYOTA;NEW HILUX 4X4 2.4L MT DX.;8AJDB3CD3N1317380;RPYL-97;CAMIONETAS;VEHÍCULOS MENORES;2022;// GRUPO EMI/ CC-0389 K484 ENAP - SWS and WSA unit - Aconcagua Refinery, Chile - I03 General Construction Works/ ;OPERATIVO - EN USO
CTAP-0164;CAMIONETA;TOYOTA;NEW HILUX 4X4 2.4L MT DX;8AJDB3CD0N1317367;RPYP-10;CAMIONETAS;VEHÍCULOS MENORES;2022;// GRUPO EMI/ CC-0413 EJECUCION MONTAJES ESPESADOR DE CABEZA PMFC-DAND/ ;OPERATIVO - EN USO
CTAP-0165;CAMIONETA;TOYOTA;NEW HILUX 4X4 2.4L MT DX;8AJDB3CXN1317716;RPYP-13;CAMIONETAS;VEHÍCULOS MENORES;2022;// GRUPO EMI/ CC-0003 MAQUINARIAS Y EQUIPOS EIMI/ ;OPERATIVO - EN USO
CTAP-0169;CAMIONETA;MAXUS;T60 4X4 ANCAP;LSFAM11A7NA056372;RVBR-54;CAMIONETAS;VEHÍCULOS MENORES;2022;// GRUPO EMI/ CC-0003 MAQUINARIAS Y EQUIPOS EIMI/ ;OPERATIVO - EN USO
CTAP-0171;CAMIONETA;MAXUS;T60 4X4 ANCAP;LSFAM11A1NA056352;RVBR-53;CAMIONETAS;VEHÍCULOS MENORES;2022;// GRUPO EMI/ CC-0003 MAQUINARIAS Y EQUIPOS EIMI/ ;OPERATIVO - EN USO
CTAP-0173;CAMIONETA;FORD;RANGER XLT AT 4X4;8AFAR23W1NJ261282;RWTB-64;CAMIONETAS;VEHÍCULOS MENORES;2022;// GRUPO EMI/ CC-0011 OFICINA CENTRAL EIMI/ ;OPERATIVO - EN USO
CTAP-0174;CAMIONETA;FORD;RANGER DCAB 4X4 3.2 AUT;8AFAR23W8NJ261263;RWTB-68;CAMIONETAS;VEHÍCULOS MENORES;2022;// GRUPO EMI/ CC-0409 CENTRO DE OPERACIONES RANCAGUA/ ;OPERATIVO - EN USO
CTAP-0175;CAMIONETA;FORD;RANGER DCAB XLT 4X4 3.2;8SFAR23W9NJ261188;RWTB-52;CAMIONETAS;VEHÍCULOS MENORES;2022;// GRUPO EMI/ CC-0389 K484 ENAP - SWS and WSA unit - Aconcagua Refinery, Chile - I03 General Construction Works/ ;OPERATIVO - EN USO
CTAP-0186;CAMIONETA;KIA MOTORS;FRONTIER;KNCSJX76AK7269717;KPGF-80;CAMIONETAS;VEHÍCULOS MENORES;2018;// GRUPO EMI/ CC-0003 MAQUINARIAS Y EQUIPOS EIMI/ ;VENTA
CTAP-0190;CAMIONETA;TOYOTA;NEW HILUX 4X4 2.4L MT DX.;8AJDB3CD1N1322187;RSDR-31;CAMIONETAS;VEHÍCULOS MENORES;2022;// GRUPO EMI/ CC-0406 CONSTRUCCION DEFENSAS FLUVIALES/ ;OPERATIVO - EN USO
CTAP-0191;CAMIONETA;TOYOTA;NEW HILUX 4X4 2.4;8AJDB3CD6N1321519;RSDR-96;CAMIONETAS;VEHÍCULOS MENORES;2022;// GRUPO EMI/ CC-0012 CENTRO DE OPERACIONES CORONEL /100/ ;OPERATIVO - EN USO
CTAP-0193;CAMIONETA;TOYOTA;NEW HILUX 4X4 2.4L MT DX.;8AJDB3CD5N1322189;RYJC-24;CAMIONETAS;VEHÍCULOS MENORES;2022;// GRUPO EMI/ CC-0003 - CALAMA/ ;FUERA DE SERVICIO - REPARACION - MANTENCION
CTAP-0194;CAMIONETA;FORD;New Ranger XLT;8AFAR23W7PJ288523;RTWT-25;CAMIONETAS;VEHÍCULOS MENORES;2022;// GRUPO EMI/ CC-0415 Construccion y montajecondensadores sincronos S/E montemina/ ;OPERATIVO - EN USO
CTAP-0196;CAMIONETA;MAZDA;ALL NEW BT-50 HIGH PLUS 4X4 6AT;MP2TFS40JPT004250;STRC-71;CAMIONETAS;VEHÍCULOS MENORES;2023;// GRUPO EMI/ CC-0011 OFICINA CENTRAL EIMI/ ;OPERATIVO - EN USO
CTAP-0197;CAMIONETA;VOLKSWAGEN;AMAROK;WV1ZZZ2HZPA016498;STZG-25;CAMIONETAS;VEHÍCULOS MENORES;2023;// GRUPO EMI/ CC-0011 OFICINA CENTRAL EIMI/ ;OPERATIVO - EN USO
CTAP-0198;CAMIONETA;MAZDA;MAZDA;MP2TFS40JPT005579;SSVV-91;CAMIONETAS;VEHÍCULOS MENORES;2023;// GRUPO EMI/ CC-0011 OFICINA CENTRAL EIMI/ ;OPERATIVO - EN USO
CTAP-0199;CAMIONETA;TOYOTA;NEW HILUX SR 4X4;8AJKA3CD3P3112756;STGH-98;CAMIONETAS;VEHÍCULOS MENORES;2023;// GRUPO EMI/ CC-0405 CONTRATO OBRAS USO RECURSOS HUMANOS/ ;OPERATIVO - EN USO
CTAP-0200;CAMIONETA;TOYOTA;NEW HILUX SR 4x4;8AJKA3CD9P3112728;SWCZ-42;CAMIONETAS;VEHÍCULOS MENORES;2023;// GRUPO EMI/ CC-0003 - CALAMA/ ;OPERATIVO - EN USO
CTAP-0201;CAMIONETA;TOYOTA;NEW HILUX SR 4X4;8AJKA3CD4P3112765;STGJ-10;CAMIONETAS;VEHÍCULOS MENORES;2023;// GRUPO EMI/ CC-0403 RADOMIRO TOMIC/ ;OPERATIVO - EN USO
CTAP-0202;CAMIONETA;TOYOTA;NEW HILUX SR 4x4;8AJKA3CDXP3112754;STGJ-11;CAMIONETAS;VEHÍCULOS MENORES;2023;// GRUPO EMI/ CC-0403 RADOMIRO TOMIC/ ;OPERATIVO - EN USO
CTAP-0204;CAMIONETA;MAZDA;ALL NEW BT-50 4X4 3.0 AUT;MP2TFS40JPT004591;STRF-87;CAMIONETAS;VEHÍCULOS MENORES;2023;// GRUPO EMI/ CC-0011 OFICINA CENTRAL EIMI/ ;OPERATIVO - EN USO
CTAP-0205;CAMIONETA;FORD;NEW RANGER CREW CAB DSL XLT 4X4 2.0L MT;8AFBR01C1RJ376441;TJRB-98;CAMIONETAS;VEHÍCULOS MENORES;2024;// GRUPO EMI/ CC-0389 K484 ENAP - SWS and WSA unit - Aconcagua Refinery, Chile - I03 General Construction Works/ ;OPERATIVO - EN USO
CTAP-0206;CAMIONETA;FORD;RANGER XLT 4X4 2.0;8AFBR01C2SJ420940;TTHT-46;CAMIONETAS;VEHÍCULOS MENORES;2024;"// GRUPO EMI/ CC-0412 EJECUCION MONTAJES ELECTROMECANICO""PROYECTO NUEVAS PRENSAS DE LODOS-PLANTA SANTA FE/ ";OPERATIVO - EN USO
CTAP-0207;CAMIONETA;TOYOTA;HILUX 2.8 AT 4X4;8AJBA3CD6R1925720;TWJG-62;CAMIONETAS;VEHÍCULOS MENORES;2025;// GRUPO EMI/ CC-0400 COLLAHUASI/ ;OPERATIVO - EN USO
CTAP-0208;CAMIONETA;TOYOTA;HILUX 2.8 MT 4X4;8AJKA3CD4S3139084;TWJG-64;CAMIONETAS;VEHÍCULOS MENORES;2025;// GRUPO EMI/ CC-0400 COLLAHUASI/ ;OPERATIVO - EN USO
CTAP-0209;CAMIONETA;TOYOTA;HILUX 2.8 MT 4X4;8AJKA3CD3S3139108;TWJG-65;CAMIONETAS;VEHÍCULOS MENORES;2025;// GRUPO EMI/ CC-0400 COLLAHUASI/ ;OPERATIVO - EN USO
CTAP-0210;CAMIONETA;TOYOTA;HILUX 2.8 MT 4X4;8AJKA3CD0S3139177;TWJG-66;CAMIONETAS;VEHÍCULOS MENORES;2025;// GRUPO EMI/ CC-0400 COLLAHUASI/ ;OPERATIVO - EN USO
CTAP-0211;CAMIONETA;TOYOTA;HILUX 2.8 MT 4X4;8AJKA3CD2S3139195;TWJG-68;CAMIONETAS;VEHÍCULOS MENORES;2025;// GRUPO EMI/ CC-0400 COLLAHUASI/ ;OPERATIVO - EN USO
CTAP-0212;CAMIONETA;TOYOTA;HILUX 2.8 MT 4X4;8AJKA3CD4S3139229;TWJG-69;CAMIONETAS;VEHÍCULOS MENORES;2025;// GRUPO EMI/ CC-0408 RAJO OXIDOS/ ;OPERATIVO - EN USO
CTAP-0213;CAMIONETA;TOYOTA;HILUX 2.8 MT 4X4;8AJKA3CD3S3139254;TWJG-70;CAMIONETAS;VEHÍCULOS MENORES;2025;// GRUPO EMI/ CC-0400 COLLAHUASI/ ;OPERATIVO - EN USO
CTAP-0214;CAMIONETA;TOYOTA;HILUX 2.8 MT 4X4;8AJKA3CD9S3140005;TWJG-71;CAMIONETAS;VEHÍCULOS MENORES;2025;// GRUPO EMI/ CC-0400 COLLAHUASI/ ;OPERATIVO - EN USO
CTAP-0215;CAMIONETA;TOYOTA;HILUX 2.8 MT 4X4;8AJKA3CD6S3140172;TWJG-73;CAMIONETAS;VEHÍCULOS MENORES;2025;// GRUPO EMI/ CC-0400 COLLAHUASI/ ;OPERATIVO - EN USO
CTAP-0216;CAMIONETA;TOYOTA;HILUX 2.8 MT 4X4;8AJKA3CD9S3139288;TWLG-73;CAMIONETAS;VEHÍCULOS MENORES;2025;// GRUPO EMI/ CC-0400 COLLAHUASI/ ;OPERATIVO - EN USO
CTAP-0217;CAMIONETA;MAZDA;NEW BT-50 HIGH 4X4 6AT BMC;MP2TFS40JTT500129;VBXX-14;CAMIONETAS;VEHÍCULOS MENORES;2025;// GRUPO EMI/ CC-0011 OFICINA CENTRAL EIMI/ ;OPERATIVO - EN USO
CTAP-0218;CAMIONETA;TOYOTA;NEW HILUX 4X4 2.8L TM SR;8AJKA3CD5S3144987;VCCB-21;CAMIONETAS;VEHÍCULOS MENORES;2025;// GRUPO EMI/ CC-0403 RADOMIRO TOMIC/ ;OPERATIVO - EN USO
CTAP-0219;CAMIONETA;TOYOTA;NEW HILUX 4X4 2.8L TM SR;8AJKA3CD6S3145002;VCCB-32;CAMIONETAS;VEHÍCULOS MENORES;2025;// GRUPO EMI/ CC-0403 RADOMIRO TOMIC/ ;OPERATIVO - EN USO
CTAP-0220;CAMIONETA;TOYOTA;NEW HILUX 4X4 2.8L TM SR;8AJKA3CD1S3145005;VCCB-20;CAMIONETAS;VEHÍCULOS MENORES;2025;// GRUPO EMI/ CC-0403 RADOMIRO TOMIC/ ;OPERATIVO - EN USO
CTAP-0221;CAMIONETA;TOYOTA;NEW HILUX 4X4 2.8L TM SR;8AJKA3CD1S3145019;VCCB-11;CAMIONETAS;VEHÍCULOS MENORES;2025;// GRUPO EMI/ CC-0403 RADOMIRO TOMIC/ ;OPERATIVO - EN USO
CTAP-0222;CAMIONETA;TOYOTA;NEW HILUX 4X4 2.8L TM SR;8AJKA3CD5S3145024;VCBZ-99;CAMIONETAS;VEHÍCULOS MENORES;2025;// GRUPO EMI/ CC-0403 RADOMIRO TOMIC/ ;OPERATIVO - EN USO
CTAP-0223;CAMIONETA;TOYOTA;NEW HILUX 4X4 2.8L TM SR;8AJKA3CDXS3145040;VCCB-42;CAMIONETAS;VEHÍCULOS MENORES;2025;// GRUPO EMI/ CC-0403 RADOMIRO TOMIC/ ;OPERATIVO - EN USO
CTAP-0224;CAMIONETA;TOYOTA;NEW HILUX 4X4 2.8L TM SR;8AJKA3CDXS3145045;VCCB-19;CAMIONETAS;VEHÍCULOS MENORES;2025;// GRUPO EMI/ CC-0403 RADOMIRO TOMIC/ ;OPERATIVO - EN USO
CTAP-0225;CAMIONETA;TOYOTA;NEW HILUX 4X4 2.8L TM SR;8AJKA3CDXS3145062;VCCB-23;CAMIONETAS;VEHÍCULOS MENORES;2025;// GRUPO EMI/ CC-0403 RADOMIRO TOMIC/ ;OPERATIVO - EN USO
CTAP-0226;CAMIONETA;TOYOTA;NEW HILUX 4X4 2.8L TM SR;8AJKA3CDXS3145083;VCCB-27;CAMIONETAS;VEHÍCULOS MENORES;2025;// GRUPO EMI/ CC-0403 RADOMIRO TOMIC/ ;OPERATIVO - EN USO
CTAP-0227;CAMIONETA;TOYOTA;NEW HILUX 4X4 2.8L TM SR;8AJKA3CDXS3145075;VCCB-22;CAMIONETAS;VEHÍCULOS MENORES;2025;// GRUPO EMI/ CC-0403 RADOMIRO TOMIC/ ;OPERATIVO - EN USO
CTAP-0228;CAMIONETA;TOYOTA;NEW HILUX 4X4 2.4L MT DX.;8AJBA3CD8S7915323;VDKW-87;CAMIONETAS;VEHÍCULOS MENORES;2025;// GRUPO EMI/ CC-0408 RAJO OXIDOS/ ;OPERATIVO - EN USO
CTAP-0229;CAMIONETA;TOYOTA;NEW HILUX 4X4 2.4L MT DX.;8AJBA3CD0S7915185;VDKW-77;CAMIONETAS;VEHÍCULOS MENORES;2025;// GRUPO EMI/ CC-0408 RAJO OXIDOS/ ;OPERATIVO - EN USO
CTAP-0230;CAMIONETA;TOYOTA;NEW HILUX 4X4 2.4L MT DX.;8AJBA3CD8S7915225;VDKW-72;CAMIONETAS;VEHÍCULOS MENORES;2025;// GRUPO EMI/ CC-0403 RADOMIRO TOMIC/ ;OPERATIVO - EN USO
CTAP-0231;CAMIONETA;TOYOTA;NEW HILUX 4X4 2.4L MT DX.;8AJBA3CD5S7915053;VDKW-81;CAMIONETAS;VEHÍCULOS MENORES;2025;// GRUPO EMI/ CC-0408 RAJO OXIDOS/ ;OPERATIVO - EN USO
CTAP-0232;CAMIONETA;TOYOTA;NEW HILUX 4X4 2.4L MT DX.;8AJBA3CD8S7915029;VDKW-74;CAMIONETAS;VEHÍCULOS MENORES;2025;// GRUPO EMI/ CC-0408 RAJO OXIDOS/ ;OPERATIVO - EN USO
CTAP-0233;CAMIONETA;TOYOTA;NEW HILUX 4X4 2.4L MT DX.;8AJBA3CD1S7918080;VDXL-98;CAMIONETAS;VEHÍCULOS MENORES;2025;// GRUPO EMI/ CC-0408 RAJO OXIDOS/ ;OPERATIVO - EN USO
CTAP-0234;CAMIONETA;TOYOTA;NEW HILUX 4X4 2.8L AT SRV;8AJBA3CD3S7918128;VDXL-87;CAMIONETAS;VEHÍCULOS MENORES;2025;// GRUPO EMI/ CC-0400 COLLAHUASI/ ;OPERATIVO - EN USO
CTAP-0235;CAMIONETA;TOYOTA;HILUX 2.8 AT 4X4;8AJBA3CD0S7933279;VGLP-10;CAMIONETAS;VEHÍCULOS MENORES;2025;// GRUPO EMI/ CC-0413 EJECUCION MONTAJES ESPESADOR DE CABEZA PMFC-DAND/ ;OPERATIVO - EN USO
CTAP-0236;CAMIONETA;TOYOTA;HILUX 2.8 AT 4X4;8AJBA3CD2S7933428;VGLL-96;CAMIONETAS;VEHÍCULOS MENORES;2025;// GRUPO EMI/ CC-0403 RADOMIRO TOMIC/ ;OPERATIVO - EN USO
CTAP-0237;CAMIONETA;MAZDA;NEW T-50 HIGH 4X4 6ATBMC;MP2TFS40JT500223;VFLW-70;CAMIONETAS;VEHÍCULOS MENORES;2025;// GRUPO EMI/ CC-0011 OFICINA CENTRAL EIMI/ ;OPERATIVO - EN USO
CTAP-0238;CAMIONETA;MAZDA;NEWBT-50 4WD 3.0 AUT;MP2TFS40JTT500703;VGCW-11;CAMIONETAS;VEHÍCULOS MENORES;2025;// GRUPO EMI/ CC-0011 OFICINA CENTRAL EIMI/ ;OPERATIVO - EN USO
CTAP-0239;CAMIONETA;MAZDA;NEWBT-50 HIGH 4X4 6AUT BMC;MP2TF40JTT50067;VGBL-64;CAMIONETAS;VEHÍCULOS MENORES;2025;// GRUPO EMI/ CC-0011 OFICINA CENTRAL EIMI/ ;OPERATIVO - EN USO
CTAP-0240;CAMIONETA;TOYOTA;NEW HILUX 4X4 2.8 AT;8AJBA3CD6S7932668;VGLP-16;CAMIONETAS;VEHÍCULOS MENORES;2025;// GRUPO EMI/ CC-0403 RADOMIRO TOMIC/ ;OPERATIVO - EN USO
CTAP-0241;CAMIONETA;TOYOTA;NEW HILUX 4X4 2.8 AT;8AJBA3CD1S7933078;VGLP-20;CAMIONETAS;VEHÍCULOS MENORES;2025;// GRUPO EMI/ CC-0413 EJECUCION MONTAJES ESPESADOR DE CABEZA PMFC-DAND/ ;OPERATIVO - EN USO
CTAP-0242;CAMIONETA;MAZDA;NEW BT-50 HIGH 4X4 6AT BMC;MP2TFS40JTT501206;VHCY-43;CAMIONETAS;VEHÍCULOS MENORES;2025;// GRUPO EMI/ CC-0011 OFICINA CENTRAL EIMI/ ;OPERATIVO - EN USO
CTAP-0243;CAMIONETA;TOYOTA;NEW HILUX 4X4 2.4L TM DX;8AJDB3CD0T1383656;VLSW-33;CAMIONETAS;VEHÍCULOS MENORES;2026;// GRUPO EMI/ CC-0403 RADOMIRO TOMIC/ ;OPERATIVO - EN USO
CTAP-0244;CAMIONETA;TOYOTA;NEW HILUX 4X4 2.4L TM DX;8AJDB3CD1T1383634;VLSW-13;CAMIONETAS;VEHÍCULOS MENORES;2026;// GRUPO EMI/ CC-0403 RADOMIRO TOMIC/ ;EN PREPARACION OBRA
CTAP-0245;CAMIONETA;TOYOTA;NEW HILUX 4X4 2.4L TM DX;8AJDB3CD7T1383699;VLSV-83;CAMIONETAS;VEHÍCULOS MENORES;2026;// GRUPO EMI/ CC-0415 Construccion y montajecondensadores sincronos S/E montemina/ ;OPERATIVO - EN USO
CTAP-0246;CAMIONETA;TOYOTA;NEW HILUX 4X4 2.4L TM DX;8AJDB3CD1T1383732;VLSV-93;CAMIONETAS;VEHÍCULOS MENORES;2026;// GRUPO EMI/ CC-0408 RAJO OXIDOS/ ;OPERATIVO - EN USO
CTAP-0247;CAMIONETA;TOYOTA;NEW HILUX 4X4 2.4L TM DX;8AJDB3CD2T1383772;VLSV-56;CAMIONETAS;VEHÍCULOS MENORES;2026;// GRUPO EMI/ CC-0003 - CALAMA/ ;FUERA DE SERVICIO - REPARACION - MANTENCION
CTAP-0248;CAMIONETA;TOYOTA;NEW HILUX 4X4 2.4L TM DX;8AJDB3CD0T1383799;VLSV-49;CAMIONETAS;VEHÍCULOS MENORES;2026;// GRUPO EMI/ CC-0403 RADOMIRO TOMIC/ ;OPERATIVO - EN USO
CTAP-0249;CAMIONETA;TOYOTA;NEW HILUX 4X4 2.4L TM DX;8AJDB3CD6T1383774;VPBJ-12;CAMIONETAS;VEHÍCULOS MENORES;2026;// GRUPO EMI/ CC-0408 RAJO OXIDOS/ ;OPERATIVO - EN USO
CTAP-0250;CAMIONETA;TOYOTA;NEW HILUX 4X4 2.4L TM DX;8AJDB3CD3T1383795;VPBF-23;CAMIONETAS;VEHÍCULOS MENORES;2026;// GRUPO EMI/ CC-0408 RAJO OXIDOS/ ;OPERATIVO - EN USO
CTAP-0251;CAMIONETA;TOYOTA;NEW HILUX 4X4 2.4L TM DX;8AJDB3CD2T1383786;VLSW-82;CAMIONETAS;VEHÍCULOS MENORES;2026;// GRUPO EMI/ CC-0415 Construccion y montajecondensadores sincronos S/E montemina/ ;OPERATIVO - EN USO
CTAP-0252;CAMIONETA;TOYOTA;NEW HILUX 4X4 2.4L TM DX;8AJDB3CD7T1385226;VSZL-26;CAMIONETAS;VEHÍCULOS MENORES;2026;// GRUPO EMI/ CC-0397 Construccion y montajecondensadores sincronos S/E Ana Maria/ ;OPERATIVO - EN USO
CTAP-0253;CAMIONETA;TOYOTA;NEW HILUX 4X4 2.4L TM DX;8AJDB3CD8T1385171;VSZL-36;CAMIONETAS;VEHÍCULOS MENORES;2026;// GRUPO EMI/ CC-0403 RADOMIRO TOMIC/ ;OPERATIVO - EN USO
CTAP-0254;CAMIONETA;TOYOTA;NEW HILUX 4X4 2.4L TM DX;8AJDB3CD8T1385218;VSZL-32;CAMIONETAS;VEHÍCULOS MENORES;2026;// GRUPO EMI/ CC-0397 Construccion y montajecondensadores sincronos S/E Ana Maria/ ;OPERATIVO - EN USO
CTAP-0255;CAMIONETA;TOYOTA;NEW HILUX 4X4 2.4L TM DX;8AJDB3CD9T1385177;VSZL-16;CAMIONETAS;VEHÍCULOS MENORES;2026;// GRUPO EMI/ CC-0397 Construccion y montajecondensadores sincronos S/E Ana Maria/ ;OPERATIVO - EN USO
CTAP-0256;CAMIONETA;TOYOTA;NEW HILUX 4X4 2.4L TM DX;8AJDB3CD9T1385213;VSZL-22;CAMIONETAS;VEHÍCULOS MENORES;2026;// GRUPO EMI/ CC-0397 Construccion y montajecondensadores sincronos S/E Ana Maria/ ;OPERATIVO - EN USO
CTAP-0257;CAMIONETA;TOYOYA;NEW HILUX 4X4 2.4L TM DX;8AJDB3CD8T1385249;VSZL-12;CAMIONETAS;VEHÍCULOS MENORES;2026;// GRUPO EMI/ CC-0397 Construccion y montajecondensadores sincronos S/E Ana Maria/ ;OPERATIVO - EN USO
CTAP-0258;CAMIONETA;TOYOYA;NEW HILUX 4X4 2.4L TM DX;8AJDB3CD6T1385122;VSZK-86;CAMIONETAS;VEHÍCULOS MENORES;2026;// GRUPO EMI/ CC-0397 Construccion y montajecondensadores sincronos S/E Ana Maria/ ;OPERATIVO - EN USO
CTAP-0259;CAMIONETA;FORD;NEW RANGER DSL XLT 4X4 2.0 L AT;8AFBR01C6TJ038766;VWLZ-21;CAMIONETAS;VEHÍCULOS MENORES;2026;// GRUPO EMI/ CC-0011 OFICINA CENTRAL EIMI/ ;OPERATIVO - EN USO
CTAP-0260;CAMIONETA;FORD;NEW RANGER CREW CAB DSL LIMITED 4X4 3.0L AT;8AFBR01K4TJ038840;VYRS-31;CAMIONETAS;VEHÍCULOS MENORES;2026;// GRUPO EMI/ CC-0011 OFICINA CENTRAL EIMI/ ;OPERATIVO - EN USO
EXCV-0001;EXCAVADORA;JOHN DEERE;210 GLC;1F9210GXEKD521251;LLXG-95;EXCAVADORAS;MAQUINARIA SEMIPESADA;2019;// GRUPO EMI/ CC-0003 MAQUINARIAS Y EQUIPOS EIMI/ ;EN PREPARACION OBRA
EXCV-0002;EXCAVADORA;JOHN DEERE;350 GLC;1F9350GXAJD808138;LLXG-94;EXCAVADORAS;MAQUINARIA SEMIPESADA;2019;// GRUPO EMI/ CC-0003 MAQUINARIAS Y EQUIPOS EIMI/ ;EN PREPARACION OBRA
EXCV-0003;EXCAVADORA;JCB;JCB 370X CL;JCB937DAJS3602982;VTBG-93;EXCAVADORAS;MAQUINARIA PESADA;2026;// GRUPO EMI/ CC-0403 RADOMIRO TOMIC/ ;OPERATIVO - EN USO
FURP-0006;CAMIONETA;PEUGEOT;PARTNER MCA L2 1.5 BLUEHDI 100 EUROVI;VR3EDYHT3TJ502165;VBCL-33;FURGONES DE SERVICIO;VEHÍCULOS MENORES;2025;// GRUPO EMI/ CC-0003 MAQUINARIAS Y EQUIPOS EIMI/ ;OPERATIVO - EN USO
GNEL-0001;GENERADOR;LUREYE;JM-40 2005;09046148;;GENERADORES ELECTRICOS;EQUIPOS MENORES;2012;// GRUPO EMI/ CC-0003 MAQUINARIAS Y EQUIPOS EIMI/ ;VENTA
GNEL-0011;GENERADOR;CUMMINS;C 200 D5;C12T023293;;GENERADORES ELECTRICOS;EQUIPOS MENORES;2012;// GRUPO EMI/ CC-0003 MAQUINARIAS Y EQUIPOS EIMI/ ;VENTA
GNEL-0012;GENERADOR;CUMMINS;C 275 D5;C12T023374;;GENERADORES ELECTRICOS;EQUIPOS MENORES;2012;// GRUPO EMI/ CC-0003 MAQUINARIAS Y EQUIPOS EIMI/ ;VENTA
GNEL-0014;GENERADOR;CUMMINS;C 250 D5;E12T024220;;GENERADORES ELECTRICOS;EQUIPOS MENORES;2012;// GRUPO EMI/ CC-0003 MAQUINARIAS Y EQUIPOS EIMI/ ;VENTA
GNEL-0015;GENERADOR;CUMMINS;C 250 D5;E12T024218;;GENERADORES ELECTRICOS;EQUIPOS MENORES;2012;// GRUPO EMI/ CC-0003 MAQUINARIAS Y EQUIPOS EIMI/ ;VENTA
GNEL-0016;GENERADOR;CUMMINS;C 220 D5;D12T023954;;GENERADORES ELECTRICOS;EQUIPOS MENORES;2012;// GRUPO EMI/ CC-0003 MAQUINARIAS Y EQUIPOS EIMI/ ;VENTA
GNEL-0020;GENERADOR;ATLAS COPCO;QAS 100 KVA;APP 162361;;GENERADORES ELECTRICOS;EQUIPOS MENORES;2011;// GRUPO EMI/ CC-0003 DEPTO. EQUIPOS - PATIO 2/ ;VENTA
GNEL-0021;GENERADOR;LUREYE;PG-40;9046143;;GENERADORES ELECTRICOS;EQUIPOS MENORES;2005;// GRUPO EMI/ CC-0003 MAQUINARIAS Y EQUIPOS EIMI/ ;OPERATIVO - EN USO
GNEL-0022;GENERADOR;CUMMINS;C90 D-5;A14403069;;GENERADORES ELECTRICOS;EQUIPOS MENORES;2014;// GRUPO EMI/ CC-0003 DEPTO. EQUIPOS - PATIO 2/ ;VENTA
GNEL-0023;GENERADOR;CUMMINS;C45 D5;G11T021043;;GENERADORES ELECTRICOS;EQUIPOS MENORES;2012;// GRUPO EMI/ CC-0003 DEPTO. EQUIPOS - PATIO 2/ ;VENTA
GNEL-0025;GENERADOR;CUMMINS;C110D5;A171412450;;GENERADORES ELECTRICOS;EQUIPOS MENORES;2017;// GRUPO EMI/ CC-0003 MAQUINARIAS Y EQUIPOS EIMI/ ;VENTA
GNEL-0026;GENERADOR;CUMMINS;C110D5;A171412451;;GENERADORES ELECTRICOS;EQUIPOS MENORES;2017;// GRUPO EMI/ CC-0403 RADOMIRO TOMIC/ ;OPERATIVO - EN USO
GNEL-0027;GENERADOR;CUMMINS;C110D5;A171412456;;GENERADORES ELECTRICOS;EQUIPOS MENORES;2017;// GRUPO EMI/ CC-0003 MAQUINARIAS Y EQUIPOS EIMI/ ;VENTA
GNEL-0028;GENERADOR;CUMMINS;C110D5;A171412457;;GENERADORES ELECTRICOS;EQUIPOS MENORES;2017;// GRUPO EMI/ CC-0003 MAQUINARIAS Y EQUIPOS EIMI/ ;VENTA
GNEL-0029;GENERADOR;CUMMINS;C110D5;A171412459;;GENERADORES ELECTRICOS;EQUIPOS MENORES;2019;// GRUPO EMI/ CC-0003 MAQUINARIAS Y EQUIPOS EIMI/ ;VENTA
GNEL-0030;GENERADOR;CUMMINS;C110D5;C171412797;;GENERADORES ELECTRICOS;EQUIPOS MENORES;2017;// GRUPO EMI/ CC-0003 MAQUINARIAS Y EQUIPOS EIMI/ ;VENTA
GNEL-0031;GENERADOR;CUMMINS;C275 D5;K16T039052;;GENERADORES ELECTRICOS;EQUIPOS MENORES;2016;// GRUPO EMI/ CC-0003 MAQUINARIAS Y EQUIPOS EIMI/ ;VENTA
GNEL-0033;GENERADOR;CUMMINS;C66 D5;B17I213578;;GENERADORES ELECTRICOS;EQUIPOS MENORES;2017;// GRUPO EMI/ CC-0003 MAQUINARIAS Y EQUIPOS EIMI/ ;VENTA
GNEL-0034;GENERADOR;CUMMINS;C150 D5;J171414390;;GENERADORES ELECTRICOS;EQUIPOS MENORES;2017;// GRUPO EMI/ CC-0408 RAJO OXIDOS/ ;OPERATIVO - EN USO
GNEL-0035;GENERADOR;FG WILSON;FG WILSON 125 KVA-P 110-3;1422;;GENERADORES ELECTRICOS;EQUIPOS MENORES;2012;// GRUPO EMI/ CC-0003 MAQUINARIAS Y EQUIPOS EIMI/ ;VENTA
GNEL-0036;GENERADOR;WILSON;100 KVA; P 88-3;;GENERADORES ELECTRICOS;EQUIPOS MENORES;2012;// GRUPO EMI/ CC-0003 MAQUINARIAS Y EQUIPOS EIMI/ ;OPERATIVO - EN USO
GNEL-0037;GENERADOR;MODASA;TO36/123 MM-401-44  KW;M10K463399.;;GENERADORES ELECTRICOS;EQUIPOS MENORES;2012;// GRUPO EMI/ CC-0003 DEPTO. EQUIPOS - PATIO 2/ ;VENTA
GNEL-0038;GENERADOR;JCB;G65QS;2292630;;GENERADORES ELECTRICOS;EQUIPOS MENORES;2018;// GRUPO EMI/ CC-0003 MAQUINARIAS Y EQUIPOS EIMI/ ;VENTA
GNEL-0039;GENERADOR;JCB;G65QS;2292631;;GENERADORES ELECTRICOS;EQUIPOS MENORES;2018;// GRUPO EMI/ CC-0408 RAJO OXIDOS/ ;OPERATIVO - EN USO
GNEL-0040;GENERADOR;JCB;G65QS;2292648;;GENERADORES ELECTRICOS;EQUIPOS MENORES;2018;// GRUPO EMI/ CC-0403 RADOMIRO TOMIC/ ;OPERATIVO - EN USO
GNEL-0041;GENERADOR;JCB;G20QS;2292625;;GENERADORES ELECTRICOS;EQUIPOS MENORES;2018;// GRUPO EMI/ CC-0003 MAQUINARIAS Y EQUIPOS EIMI/ ;VENTA
GNEL-0042;GENERADOR;JCB;G-330QX;1657581;;GENERADORES ELECTRICOS;EQUIPOS MENORES;2019;// GRUPO EMI/ CC-0003 MAQUINARIAS Y EQUIPOS EIMI/ ;VENTA
GNEL-0043;GENERADOR;JCB;G-330QX;HSPECB7FTK1658404;;GENERADORES ELECTRICOS;EQUIPOS MENORES;2019;// GRUPO EMI/ CC-0003 MAQUINARIAS Y EQUIPOS EIMI/ ;DISPONIBLE PARA ARRIENDO
GNEL-0044;GENERADOR;JCB;G-330QX;HSPECB7FJK1658407;;GENERADORES ELECTRICOS;EQUIPOS MENORES;2019;// GRUPO EMI/ CC-0003 MAQUINARIAS Y EQUIPOS EIMI/ ;DISPONIBLE PARA ARRIENDO
GNEL-0045;GENERADOR ;JCB;G-440QX;1658431;;GENERADORES ELECTRICOS;EQUIPOS MENORES;2019;// GRUPO EMI/ CC-0003 MAQUINARIAS Y EQUIPOS EIMI/ ;DISPONIBLE PARA ARRIENDO
GNEL-0046;GENERADOR;CUMMINS;C550 D5;C19T047014;;GENERADORES ELECTRICOS;EQUIPOS MENORES;2019;// GRUPO EMI/ CC-0415 Construccion y montajecondensadores sincronos S/E montemina/ ;OPERATIVO - EN USO
GNEL-0047;GENERADOR;CUMMINS;C550 D5;C19T047030;;GENERADORES ELECTRICOS;EQUIPOS MENORES;2019;// GRUPO EMI/ CC-0415 Construccion y montajecondensadores sincronos S/E montemina/ ;OPERATIVO - EN USO
GNEL-0048;GENERADOR;CUMMINS;C550 D5;C19T047029;;GENERADORES ELECTRICOS;EQUIPOS MENORES;2019;// GRUPO EMI/ CC-0003 MAQUINARIAS Y EQUIPOS EIMI/ ;VENTA
GNEL-0049;GENERADOR;CUMMINS;C825 D5;J17K262076;;GENERADORES ELECTRICOS;EQUIPOS MENORES;2019;// GRUPO EMI/ CC-0003 MAQUINARIAS Y EQUIPOS EIMI/ ;VENTA
GNEL-0050;GENERADOR;HIMOINSA;HFW 100 T5;191003586;;GENERADORES ELECTRICOS;EQUIPOS MENORES;2019;// GRUPO EMI/ CC-0003 MAQUINARIAS Y EQUIPOS EIMI/ ;VENTA
GNEL-0051;GENERADOR;HIMOINSA;HFW 100 T5;191003587;;GENERADORES ELECTRICOS;EQUIPOS MENORES;2019;// GRUPO EMI/ CC-0403 RADOMIRO TOMIC/ ;OPERATIVO - EN USO
GNEL-0052;GENERADOR;HIMOINSA;HFW 100 T5;191003588;;GENERADORES ELECTRICOS;EQUIPOS MENORES;2019;// GRUPO EMI/ CC-0408 RAJO OXIDOS/ ;OPERATIVO - EN USO
GNEL-0053;GENERADOR;HIMOINSA;HFW 100 T5;191003589;;GENERADORES ELECTRICOS;EQUIPOS MENORES;2019;// GRUPO EMI/ CC-0003 MAQUINARIAS Y EQUIPOS EIMI/ ;VENTA
GNEL-0054;GENERADOR;JCB;G115QS;2294658;AÑO 2019;GENERADORES ELECTRICOS;EQUIPOS MENORES;2019;// GRUPO EMI/ CC-0403 RADOMIRO TOMIC/ ;OPERATIVO - EN USO
GNEL-0055;GENERADOR;JCB;G165QS;2292711;AÑO 219;GENERADORES ELECTRICOS;EQUIPOS MENORES;2019;// GRUPO EMI/ CC-0408 RAJO OXIDOS/ ;OPERATIVO - EN USO
GNEL-0056;GENERADOR;JCB;G165QS;2294759;AÑO 2019;GENERADORES ELECTRICOS;EQUIPOS MENORES;2019;// GRUPO EMI/ CC-0415 Construccion y montajecondensadores sincronos S/E montemina/ ;FUERA DE SERVICIO - REPARACION - MANTENCION
GNEL-0057;GENERADOR;CUMMINS;C17 D5;B15I122376;;GENERADORES ELECTRICOS;EQUIPOS MENORES;2015;// GRUPO EMI/ CC-0003 - CALAMA/ ;OPERATIVO - EN USO
GNEL-0058;GENERADOR;LUREYE;J-88;J8821012104;;GENERADORES ELECTRICOS;EQUIPOS MENORES;2022;// GRUPO EMI/ CC-0408 RAJO OXIDOS/ ;OPERATIVO - EN USO
GNEL-0059;GENERADOR;LUREYE;J-110;J11022000178;;GENERADORES ELECTRICOS;EQUIPOS MENORES;2022;// GRUPO EMI/ CC-0003 MAQUINARIAS Y EQUIPOS EIMI/ ;FUERA DE SERVICIO - REPARACION - MANTENCION
GNEL-0060;GENERADOR;LUREYE;J-110;J11022000619;;GENERADORES ELECTRICOS;EQUIPOS MENORES;2022;// GRUPO EMI/ CC-0400 COLLAHUASI/ ;OPERATIVO - EN USO
GRCA-0002;GRUA SOBRE CAMION;DEMAG;AC-40;VHXGA2SBSHM3AC055;LLWT-15;GRUAS SOBRE CAMION;GRÚAS MÓVILES < 100T;2017;// GRUPO EMI/ CC-0387 EPC MUELLE CENTINELA/ ;OPERATIVO - EN USO
GRCA-0003;GRUA SOBRE CAMION;DEMAG;AC300-6;WMGKB6170KZHE0428;LVGX-56;GRUAS SOBRE CAMION;GRÚAS MÓVILES < 100T;2019;// GRUPO EMI/ CC-0389 K484 ENAP - SWS and WSA unit - Aconcagua Refinery, Chile - I03 General Construction Works/ ;OPERATIVO - EN USO
GRCA-0004;GRUA SOBRE CAMION;DEMAG;AC220-5;WMGKB517XKZHF0555;LPSW-60;GRUAS SOBRE CAMION;GRÚAS MÓVILES < 100T;2019;// GRUPO EMI/ CC-0403 RADOMIRO TOMIC/ ;OPERATIVO - EN USO
GRCA-0005;GRUA SOBRE CAMION;DEMAG;AC300-6;VMGKB6177KZ4E0415;LPYD-51;GRUAS SOBRE CAMION;GRÚAS MÓVILES < 100T;2019;// GRUPO EMI/ CC-0003 - CALAMA/ ;DISPONIBLE PARA ARRIENDO
GRCA-0006;GRUA SOBRE CAMION;DEMAG;AC-220-5;WMGKB5176KZHF0519;LPCW-55;GRUAS SOBRE CAMION;GRÚAS MÓVILES < 100T;2019;// GRUPO EMI/ CC-0413 EJECUCION MONTAJES ESPESADOR DE CABEZA PMFC-DAND/ ;OPERATIVO - EN USO
GRCA-0007;GRUA SOBRE CAMION;DEMAG;AC160-5;38485;LVGK-28;GRUAS SOBRE CAMION;GRÚAS MÓVILES < 100T;2019;// GRUPO EMI/ CC-0405 CONTRATO OBRAS USO RECURSOS HUMANOS/ ;OPERATIVO - EN USO
GRCA-0008;GRUA SOBRE CAMION;ZOOMLION;ZAT1600H853;L5E6H5D41SA008334;VJGZ-36;GRUAS SOBRE CAMION;GRÚAS MÓVILES < 100T;2025;// GRUPO EMI/ CC-0400 COLLAHUASI/ ;OPERATIVO - EN USO
GRCA-0009;GRUA SOBRE CAMION;LIEBHERR;LTM 1090-4.2;WLFA43CZ3TEZZ0826 (SN 032003);VVZS-45;GRUAS SOBRE CAMION;;2026;// GRUPO EMI/ CC-0415 Construccion y montajecondensadores sincronos S/E montemina/ ;OPERATIVO - EN USO
GRCA-0010;GRUA SOBRE CAMION;LIEBHERR;LTM 1090-4.2;;;;;;// GRUPO EMI/ CC-0003 MAQUINARIAS Y EQUIPOS EIMI/ ;EN IMPORTACION 
GRCA-0011;GRUA SOBRE CAMION;LIEBHERR;LTM 1120-4.2;;;;;;// GRUPO EMI/ CC-0003 MAQUINARIAS Y EQUIPOS EIMI/ ;EN IMPORTACION 
GRET-0004;GRÚA ESTRUCTURAL;LIEBHERR;LR-1300;138012;N/A;GRUAS ESTRUCTURALES;GRÚAS MÓVILES SOBRE 300 T;2007;// GRUPO EMI/ CC-0003 MAQUINARIAS Y EQUIPOS EIMI/ ;DISPONIBLE PARA ARRIENDO
GRET-0006;GRÚA ESTRUCTURAL;DEMAG;CC3800-1 (750T);36219;N/A;GRUAS ESTRUCTURALES;GRÚAS MÓVILES SOBRE 300 T;2019;// GRUPO EMI/ CC-0003 - CALAMA/ ;DISPONIBLE PARA ARRIENDO
GRET-0008;GRÚA ESTRUCTURAL;LIEBHERR;LR 1250.1;135417;;;;2026;// GRUPO EMI/ CC-0003 MAQUINARIAS Y EQUIPOS EIMI/ ;OPERATIVO - EN USO
GRET-0009;GRÚA ESTRUCTURAL;LIEBHERR;LR 1130-1;137192;;;;2026;// GRUPO EMI/ CC-0003 MAQUINARIAS Y EQUIPOS EIMI/ ;OPERATIVO - EN USO
GRET-0010;GRÚA ESTRUCTURAL;LIEBHERR;LR 1130-1;137199;;;;2026;// GRUPO EMI/ CC-0003 MAQUINARIAS Y EQUIPOS EIMI/ ;FUERA DE SERVICIO - REPARACION - MANTENCION
GRHD-0002;GRÚA HIDRÁULICA;LINKBELT;HSP 8060;5315-3692;XU-6083;GRUAS HIDRAULICAS;GRÚAS MÓVILES < 100T;1995;// GRUPO EMI/ CC-0003 MAQUINARIAS Y EQUIPOS EIMI/ ;VENTA
GRHD-0010;GRÚA HIDRÁULICA;TEREX;RT-670;160297;KHGX-30;GRUAS HIDRAULICAS;GRÚAS MÓVILES < 100T;2011;// GRUPO EMI/ CC-0003 VENTA MAQUINARIA EIMI/ ;VENTA
GRHD-0013;GRÚA HIDRÁULICA;TEREX;RT-555;160442;FBSG-64;GRUAS HIDRAULICAS;GRÚAS MÓVILES < 100T;2012;// GRUPO EMI/ CC-0003 VENTA MAQUINARIA EIMI/ ;OPERATIVO - EN USO
GRHD-0014;GRÚA HIDRÁULICA;TEREX;RT-555;160741;FBSG-66;GRUAS HIDRAULICAS;GRÚAS MÓVILES < 100T;2012;// GRUPO EMI/ CC-0003 VENTA MAQUINARIA EIMI/ ;VENTA
GRHD-0019;GRÚA HIDRÁULICA;TEREX;QUADSTAR 1075L;TEX707052;JTHC-41;GRUAS HIDRAULICAS;GRÚAS MÓVILES < 100T;2017;// GRUPO EMI/ CC-0003 MAQUINARIAS Y EQUIPOS EIMI/ ;VENTA
GRHD-0020;GRÚA HIDRÁULICA;TEREX;RT-670;1T9RT603TGW162122;JTHC-40;GRUAS HIDRAULICAS;GRÚAS MÓVILES < 100T;2017;// GRUPO EMI/ CC-0003 MAQUINARIAS Y EQUIPOS EIMI/ ;VENTA
GRHD-0022;GRÚA HIDRÁULICA;TEREX;QUADSTAR 1075L;TEX707077;LLXG-98;GRUAS HIDRAULICAS;GRÚAS MÓVILES < 100T;2019;// GRUPO EMI/ CC-0389 K484 ENAP - SWS and WSA unit - Aconcagua Refinery, Chile - I03 General Construction Works/ ;OPERATIVO - EN USO
GRHD-0023;GRÚA HIDRÁULICA;TEREX;QUADSTAR 1075L;TEX707078;LLXG-99;GRUAS HIDRAULICAS;GRÚAS MÓVILES < 100T;2019;// GRUPO EMI/ CC-0415 Construccion y montajecondensadores sincronos S/E montemina/ ;OPERATIVO - EN USO
GRHD-0024;GRÚA HIDRÁULICA;TEREX;RT-780;1T9RT704HKK262260;LPKD-88;GRUAS HIDRAULICAS;GRÚAS MÓVILES < 100T;2019;// GRUPO EMI/ CC-0408 RAJO OXIDOS/ ;OPERATIVO - EN USO
GRHD-0026;GRÚA HIDRÁULICA;TEREX;RT100US;TEX805067;LPPR-81;GRUAS HIDRAULICAS;GRUAS MOVILES < 90;2019;// GRUPO EMI/ CC-0003 VENTA MAQUINARIA EIMI/ ;OPERATIVO - EN USO
GRHD-0027;GRÚA HIDRÁULICA;TEREX;RT-670;1T9RT604KKK262263;LPKC-57;GRUAS HIDRAULICAS;GRÚAS MÓVILES < 100T;2019;// GRUPO EMI/ CC-0406 CONSTRUCCION DEFENSAS FLUVIALES/ ;OPERATIVO - EN USO
GRHD-0028;GRÚA HIDRÁULICA;TEREX;RT-670;1T9RT604KJK262239;LPKC-58;GRUAS HIDRAULICAS;GRÚAS MÓVILES < 100T;2019;// GRUPO EMI/ CC-0413 EJECUCION MONTAJES ESPESADOR DE CABEZA PMFC-DAND/ ;OPERATIVO - EN USO
GRHD-0029;GRÚA HIDRÁULICA;TEREX;RT-555;1T9RT504HKK262266;LPKC-56;GRUAS HIDRAULICAS;GRÚAS MÓVILES < 100T;2019;// GRUPO EMI/ CC-0403 RADOMIRO TOMIC/ ;OPERATIVO - EN USO
GRHD-0030;GRÚA HIDRÁULICA;TEREX;RT-780;1T9RT704HKK262259;;GRUAS HIDRAULICAS;GRÚAS MÓVILES < 100T;2019;// GRUPO EMI/ CC-0400 COLLAHUASI/ ;OPERATIVO - EN USO
GRHD-0034;GRÚA HIDRÁULICA;TADANO;GR-1000XL;RA1265;;GRUAS HIDRAULICAS;GRUAS MOVILES < 90;2023;// GRUPO EMI/ CC-0403 RADOMIRO TOMIC/ ;OPERATIVO - EN USO
GRHD-0035;GRÚA HIDRÁULICA;ZOOMLION;ZRT1100D533;ZRT1100-0218;VFJL-62;GRUAS HIDRAULICAS;GRÚAS MÓVILES < 100T;2025;// GRUPO EMI/ CC-0389 K484 ENAP - SWS and WSA unit - Aconcagua Refinery, Chile - I03 General Construction Works/ ;OPERATIVO - EN USO
GRHD-0036;GRÚA HIDRÁULICA;LIEBHERR;LRT1130-2.1;WLFR21CZ1SZZ0089 / SERIE 077817;VPCT-38;;;2026;// GRUPO EMI/ CC-0400 COLLAHUASI/ ;OPERATIVO - EN USO
GRHD-0037;GRÚA HIDRÁULICA;TADANO;GR-550XLL-3;542084;VTFD-55;;;2022;// GRUPO EMI/ CC-0400 COLLAHUASI/ ;OPERATIVO - EN USO
GRHD-0038;GRÚA HIDRÁULICA;TADANO;GR800XL-4;RA2683;VTWW-49;;;;// GRUPO EMI/ CC-0003 - CALAMA/ ;EN PREPARACION OBRA
GRHD-0039;GRÚA HIDRÁULICA;TADANO;GR800XL-4;RA2685;VTZV-53;;;;// GRUPO EMI/ CC-0397 Construccion y montajecondensadores sincronos S/E Ana Maria/ ;OPERATIVO - EN USO
GRHD-0040;GRÚA HIDRÁULICA;LIEBHERR;LRT 1100-2.1;WLFR20BZ6TEZZ0439 (SN 044904);VVVR-81;GRUAS HIDRAULICAS;;2026;// GRUPO EMI/ CC-0403 RADOMIRO TOMIC/ ;OPERATIVO - EN USO
GRHD-0041;GRÚA HIDRÁULICA;LIEBHERR;LRT 1090-2.1;WLFR20CZ9TEZZ0210 (SN 054027);VVVS-38;GRUAS HIDRAULICAS;;2026;;EN PREPARACION OBRA
GRHD-0042;GRÚA HIDRÁULICA;LIEBHERR;LRT 1090-2.1;WLFR20CZ3TEZZ0204 (SN 054021);VVVS-27;GRUAS HIDRAULICAS;;2026;// GRUPO EMI/ CC-0003 - CALAMA/ ;DISPONIBLE PARA ARRIENDO
GRHQ-0001;GRUA HORQUILLA;MANITOU;MC50 PS;1228621;WK-9835;GRUAS HORQUILLAS;MAQUINARIA SEMIPESADA;2006;// GRUPO EMI/ CC-0409 CENTRO DE OPERACIONES RANCAGUA/ ;OPERATIVO - EN USO
GRHQ-0002;GRUA HORQUILLA;TOYOTA;027FD40;7FDA511994;;GRUAS HORQUILLAS;MAQUINARIA SEMIPESADA;2001;// GRUPO EMI/ CC-0002 BODEGA CENTRAL EIMI/ ;FUERA DE SERVICIO - REPARACION - MANTENCION
GRHQ-0003;GRUA HORQUILLA;LINDE;H30T;H2X393S05902;;GRUAS HORQUILLAS;MAQUINARIA SEMIPESADA;2005;// GRUPO EMI/ CC-0003 DEPTO. EQUIPOS - PATIO 2/ ;VENTA
GRHQ-0004;GRUA HORQUILLA;HYUNDAI;110D-7E;HHKHFT05TC0000169;DSDP-98;GRUAS HORQUILLAS;MAQUINARIA SEMIPESADA;2012;// GRUPO EMI/ CC-0003 MAQUINARIAS Y EQUIPOS EIMI/ ;OPERATIVO - EN USO
GRHQ-0005;GRUA HORQUILLA;HYUNDAI;160D-7E;HHKHFT08TK0001461;LLXG-93;GRUAS HORQUILLAS;MAQUINARIA SEMIPESADA;2019;// GRUPO EMI/ CC-0389 K484 ENAP - SWS and WSA unit - Aconcagua Refinery, Chile - I03 General Construction Works/ ;OPERATIVO - EN USO
GRHQ-0006;GRUA HORQUILLA;HYUNDAI;130D-7E;HHKHFT06EJ0000238;LPYT-70;GRUAS HORQUILLAS;MAQUINARIA SEMIPESADA;2018;// GRUPO EMI/ CC-0003 - CALAMA/ ;OPERATIVO - EN USO
GRHQ-0007;GRUA HORQUILLA;HELI;CPCD50-YC4G3;010503G6357;VSYR-57;GRUAS HORQUILLAS;MAQUINARIA SEMIPESADA;2026;// GRUPO EMI/ CC-0002 BODEGA CENTRAL EIMI/ ;OPERATIVO - EN USO
GRTA-0001;GRUA TORRE AUTOMONTABLE;LIEBHERR;125 K;61064;;GRUAS TORRES;;2026;// GRUPO EMI/ CC-0389 K484 ENAP - SWS and WSA unit - Aconcagua Refinery, Chile - I03 General Construction Works/ ;OPERATIVO - EN USO
GRTR-0006;GRUA TORRE;POTAIN;MC310-K16;350623;;GRUAS TORRES;GRÚAS FIJAS;2006;// GRUPO EMI/ CC-0003 MAQUINARIAS Y EQUIPOS EIMI/ ;DISPONIBLE PARA ARRIENDO
GRTR-0007;GRUA TORRE;**POTAIN;MC310-K16;350892;;GRUAS TORRES;GRÚAS FIJAS;2008;// GRUPO EMI/ CC-0003 MAQUINARIAS Y EQUIPOS EIMI/ ;DISPONIBLE PARA ARRIENDO
GRTR-0008;GRUA TORRE;POTAIN;MC310-K12;94103;;GRUAS TORRES;GRÚAS FIJAS;2004;// GRUPO EMI/ CC-0003 MAQUINARIAS Y EQUIPOS EIMI/ ;DISPONIBLE PARA ARRIENDO
GRTR-0009;GRUA TORRE;JASO;J420;J420-0058;;GRUAS TORRES;GRÚAS FIJAS;2013;// GRUPO EMI/ CC-0003 MAQUINARIAS Y EQUIPOS EIMI/ ;DISPONIBLE PARA ARRIENDO
GRTR-0010;GRUA TORRE;LIEBHERR;550 EC-H-40;48924;N/A;GRUAS TORRES;GRÚAS FIJAS;2009;// GRUPO EMI/ CC-0003 MAQUINARIAS Y EQUIPOS EIMI/ ;DISPONIBLE PARA ARRIENDO
GRTR-0011;GRUA TORRE;LIEBHERR;280 EC-H-16;43835;N/A;GRUAS TORRES;GRÚAS FIJAS;2004;// GRUPO EMI/ CC-0003 MAQUINARIAS Y EQUIPOS EIMI/ ;DISPONIBLE PARA ARRIENDO
GRTR-0012;GRUA TORRE;LEBHERR;280 EC-H-16;47596;N/A;GRUAS TORRES;GRÚAS FIJAS;2019;// GRUPO EMI/ CC-0003 MAQUINARIAS Y EQUIPOS EIMI/ ;DISPONIBLE PARA ARRIENDO
GRTR-0013;GRUA TORRE;LIEBHERR;250EC-B-12;45320;N/A;GRUAS TORRES;GRÚAS FIJAS;2019;// GRUPO EMI/ CC-0003 MAQUINARIAS Y EQUIPOS EIMI/ ;DISPONIBLE PARA ARRIENDO
GRTR-0014;GRUA TORRE;LIEBHERR;1000 EC-H40;52074;;GRUAS TORRES;GRÚAS FIJAS;2014;// GRUPO EMI/ CC-0003 MAQUINARIAS Y EQUIPOS EIMI/ ;DISPONIBLE PARA ARRIENDO
HIEL-0008;WINCHE ELECTRICO;PROWINCH ;PWK12600i;K457032020;;WINCHE ELECTRICO;EQUIPOS MENORES;2020;// GRUPO EMI/ CC-0003 MAQUINARIAS Y EQUIPOS EIMI/ ;DISPONIBLE PARA ARRIENDO
HIEL-0009;WINCHE ELECTRICO;PROWINCH;PWK12600i;K456032020;;WINCHE ELECTRICO;EQUIPOS MENORES;2020;// GRUPO EMI/ CC-0003 MAQUINARIAS Y EQUIPOS EIMI/ ;DISPONIBLE PARA ARRIENDO
HIEL-0010;WINCHE ELECTRICO;PROWINCH;PWG23700;G006032020;;WINCHE ELECTRICO;EQUIPOS MENORES;2020;// GRUPO EMI/ CC-0003 MAQUINARIAS Y EQUIPOS EIMI/ ;DISPONIBLE PARA ARRIENDO
HIEL-0011;WINCHE ELECTRICO;PROWINCH;PWG23700;G007032020;;WINCHE ELECTRICO;EQUIPOS MENORES;2020;// GRUPO EMI/ CC-0003 MAQUINARIAS Y EQUIPOS EIMI/ ;DISPONIBLE PARA ARRIENDO
MBUS-0010;MINI BUS;MERCEDES BENZ;SPRINTER 516 CD1 AÑO 2020;W1V907657LP198364;LTJH-53;MINIBUSES;VEHÍCULOS MENORES;2020;// GRUPO EMI/ CC-0403 RADOMIRO TOMIC/ ;OPERATIVO - EN USO
MBUS-0011;MINI BUS;MERCEDES BENZ;SPRINTER 516 CD1 AÑO 2020;W1V907657LP198366 ;LTJH-51;MINIBUSES;VEHÍCULOS MENORES;2020;// GRUPO EMI/ CC-0003 - CALAMA/ ;OPERATIVO - EN USO
MBUS-0013;MINI BUS;MERCEDES BENZ;SPRINTER 517 CDI;W1V907657SP811209;VGHR-90-2;MINIBUSES;VEHÍCULOS MENORES;2025;// GRUPO EMI/ CC-0406 CONSTRUCCION DEFENSAS FLUVIALES/ ;OPERATIVO - EN USO
MBUS-0014;MINI BUS;MERCEDES BENZ;SPRINTER 517 CDI;W1V907657SP814387;VGHR-63-5;MINIBUSES;VEHÍCULOS MENORES;2025;// GRUPO EMI/ CC-0403 RADOMIRO TOMIC/ ;OPERATIVO - EN USO
MBUS-0015;MINI BUS;MERCEDES BENZ;SPRINTER 517 CDI;W1V907657SP814867;VGHR-78-3;MINIBUSES;VEHÍCULOS MENORES;2025;// GRUPO EMI/ CC-0403 RADOMIRO TOMIC/ ;OPERATIVO - EN USO
MBUS-0016;MINI BUS;MERCEDES BENZ;SPRINTER 517 CDI;W1V907657SP813126;VGHR-81-3;MINIBUSES;VEHÍCULOS MENORES;2025;// GRUPO EMI/ CC-0406 CONSTRUCCION DEFENSAS FLUVIALES/ ;OPERATIVO - EN USO
MBUS-0017;MINI BUS;MERCEDES BENZ;SPRINTER 517 CDI - 19+1 4X4;W1V907657SP813603;VTHH-63;MINIBUSES;VEHÍCULOS MENORES;2026;// GRUPO EMI/ CC-0403 RADOMIRO TOMIC/ ;OPERATIVO - EN USO
MBUS-0018;MINI BUS;MERCEDES BENZ;SPRINTER 517 CDI - 19+1 4X4;W1V907657SP813604;VTHH-64;MINIBUSES;VEHÍCULOS MENORES;2026;// GRUPO EMI/ CC-0403 RADOMIRO TOMIC/ ;OPERATIVO - EN USO
MBUS-0019;MINI BUS;MERCEDES BENZ;SPRINTER 517 CDI - 19+1 4X4;W1V907657SP814866;VTHH-62;MINIBUSES;VEHÍCULOS MENORES;2026;// GRUPO EMI/ CC-0403 RADOMIRO TOMIC/ ;OPERATIVO - EN USO
MDLF-0001;SPREADER;MODULIFT;250/400 8MTS 400T;10P000042-10P000041-22M000052-22M000051-20M000072-20M000073.;;;;;// GRUPO EMI/ CC-0003 MAQUINARIAS Y EQUIPOS EIMI/ ;DISPONIBLE PARA ARRIENDO
MDLF-0002;SPREADER;MODULIFT;110H 7MTS 170T;10K000287-10K00289-22J000200-22J00200198-20J000219-20J000221;;;;;// GRUPO EMI/ CC-0003 MAQUINARIAS Y EQUIPOS EIMI/ ;DISPONIBLE PARA ARRIENDO
MDLF-0003;SPREADER;MODULIFT;110H 8MTS 170T;10K000288-22J000199-20J000218-22J000201-10K000290;;;;;// GRUPO EMI/ CC-0389 K484 ENAP - SWS and WSA unit - Aconcagua Refinery, Chile - I03 General Construction Works/ ;OPERATIVO - EN USO
MDLF-0004;SPREADER;MODULIFT;70H 8.5MTS 100T;10H00229-10H000146-22G000230-24G000214-20G000126-17G000081;;;;;// GRUPO EMI/ CC-0003 MAQUINARIAS Y EQUIPOS EIMI/ ;DISPONIBLE PARA ARRIENDO
MDLF-0005;SPREADER;MODULIFT;70H 8.5MTS 100T;10H000145-10H000230-17G000082-22G000231-24G000213-20G000128;;;;;// GRUPO EMI/ CC-0393 OBRAS DE MEJORAMIENTO TALLER LA JUNTA N° CONTRATO 4600027978/ ;OPERATIVO - EN USO
MMTC-0002;MANIPULADOR TELESCOPICO;MANITOU;MT 1030 S;262255;BKVL-14;MANIPULADORES TELESCOPICO;MAQUINARIA SEMIPESADA;2009;// GRUPO EMI/ CC-0003 MAQUINARIAS Y EQUIPOS EIMI/ ;VENTA
MMTC-0005;MANIPULADOR TELESCOPICO;MANITOU;MT 1030 S;904235;;MANIPULADORES TELESCOPICO;MAQUINARIA SEMIPESADA;2011;// GRUPO EMI/ CC-0003 MAQUINARIAS Y EQUIPOS EIMI/ ;VENTA
MMTC-0006;MANIPULADOR TELESCOPICO;MANITOU;MRTX-1440;765298;;MANIPULADORES TELESCOPICO;MAQUINARIA SEMIPESADA;2013;// GRUPO EMI/ CC-0003 DEPTO. EQUIPOS - PATIO 2/ ;VENTA
MMTC-0007;MANIPULADOR TELESCOPICO;MANITOU;MRTX-1440;765872;GPRJ-60;MANIPULADORES TELESCOPICO;MAQUINARIA SEMIPESADA;2014;// GRUPO EMI/ CC-0003 DEPTO. EQUIPOS - PATIO 2/ ;VENTA
MMTC-0009;MANIPULADOR TELESCOPICO;MANITOU;MT 1030 S;904235;;MANIPULADORES TELESCOPICO;MAQUINARIA SEMIPESADA;2012;// GRUPO EMI/ CC-0003 MAQUINARIAS Y EQUIPOS EIMI/ ;VENTA
MMTC-0013;MANIPULADOR TELESCOPICO;FARESIN;17.40;FR041740E5606;LJSH-70;MANIPULADORES TELESCOPICO;MAQUINARIA SEMIPESADA;2019;// GRUPO EMI/ CC-0003 MAQUINARIAS Y EQUIPOS EIMI/ ;VENTA
MMTC-0015;MANIPULADOR TELESCOPICO;FARESIN;17.40;FR041740E5625;LJSH-71;MANIPULADORES TELESCOPICO;MAQUINARIA SEMIPESADA;2019;// GRUPO EMI/ CC-0003 MAQUINARIAS Y EQUIPOS EIMI/ ;VENTA
MMTC-0016;MANIPULADOR TELESCOPICO;ALO LIFT BY FARESIN;1740;FR04005945;;MANIPULADORES TELESCOPICO;MAQUINARIA SEMIPESADA;2020;// GRUPO EMI/ CC-0389 K484 ENAP - SWS and WSA unit - Aconcagua Refinery, Chile - I03 General Construction Works/ ;OPERATIVO - EN USO
MTHP-0001;MARTILLO HIDRAULICO;CHICAGO PNEUMATIC;RX-6;BES005772;;MARTILLOS HIDRAULICOS;EQUIPOS MENORES;;// GRUPO EMI/ CC-0003 MAQUINARIAS Y EQUIPOS EIMI/ ;DISPONIBLE PARA ARRIENDO
MTHP-0002;MARTILLO HIDRAULICO;EPIROC;EC 155T CL;DEQ1910001;;MARTILLOS HIDRAULICOS;EQUIPOS MENORES;2019;// GRUPO EMI/ CC-0003 MAQUINARIAS Y EQUIPOS EIMI/ ;DISPONIBLE PARA ARRIENDO
MTSD-0001;MOTOSOLDADORA;MILLER;BIG BLUE 400 X;ME420120E;;MOTOSOLDADORAS;EQUIPOS MENORES;;// GRUPO EMI/ CC-0003 MAQUINARIAS Y EQUIPOS EIMI/ ;VENTA
MTSD-0002;MOTOSOLDADORA;MILLER;BIG BLUE 400 X;ME430005E;;MOTOSOLDADORAS;EQUIPOS MENORES;;// GRUPO EMI/ CC-0003 MAQUINARIAS Y EQUIPOS EIMI/ ;VENTA
MTSD-0004;MOTOSOLDADORA;MILLER;BIG BLUE 400 X;ME420122E;;MOTOSOLDADORAS;EQUIPOS MENORES;;// GRUPO EMI/ CC-0003 MAQUINARIAS Y EQUIPOS EIMI/ ;VENTA
PTAD-0004;PLATAFORMA TRABAJO ALTURA;JLG;800AJ;300138795;;PLATAFORMAS ELEVADORAS;MAQUINARIA SEMIPESADA;2009;// GRUPO EMI/ CC-0003 DEPTO. EQUIPOS - PATIO 2/ ;VENTA
PTAD-0005;PLATAFORMA TRABAJO ALTURA;GENIE;S-125;S12510-2755;;PLATAFORMAS ELEVADORAS;MAQUINARIA SEMIPESADA;2010;// GRUPO EMI/ CC-0003 MAQUINARIAS Y EQUIPOS EIMI/ ;VENTA
PTAD-0006;PLATAFORMA TRABAJO ALTURA;JLG;450 AJ;3001104544;;PLATAFORMAS ELEVADORAS;MAQUINARIA SEMIPESADA;2007;// GRUPO EMI/ CC-0003 DEPTO. EQUIPOS - PATIO 2/ ;VENTA
PTAD-0007;PLATAFORMA TRABAJO ALTURA;JLG;800AJ;300146546;;PLATAFORMAS ELEVADORAS;MAQUINARIA SEMIPESADA;2011;// GRUPO EMI/ CC-0003 MAQUINARIAS Y EQUIPOS EIMI/ ;VENTA
PTAD-0009;PLATAFORMA TRABAJO ALTURA;JLG;800AJ;300146531;;PLATAFORMAS ELEVADORAS;MAQUINARIA SEMIPESADA;2011;// GRUPO EMI/ CC-0003 DEPTO. EQUIPOS - PATIO 2/ ;VENTA
PTAD-0011;PLATAFORMA TRABAJO ALTURA;JLG;1250 AJP;0300138537S;;PLATAFORMAS ELEVADORAS;MAQUINARIA SEMIPESADA;2009;// GRUPO EMI/ CC-0003 DEPTO. EQUIPOS - PATIO 2/ ;VENTA
PTAD-0012;PLATAFORMA TRABAJO ALTURA;JLG;800AJ;300138779;;PLATAFORMAS ELEVADORAS;MAQUINARIA SEMIPESADA;2009;// GRUPO EMI/ CC-0003 MAQUINARIAS Y EQUIPOS EIMI/ ;VENTA
PTAD-0013;PLATAFORMA TRABAJO ALTURA;JLG;1250 AJP;300138536;;PLATAFORMAS ELEVADORAS;MAQUINARIA SEMIPESADA;2010;// GRUPO EMI/ CC-0003 DEPTO. EQUIPOS - PATIO 2/ ;VENTA
PTAD-0014;PLATAFORMA TRABAJO ALTURA;JLG;1250 AJP;300144329;KJSR-61;PLATAFORMAS ELEVADORAS;MAQUINARIA SEMIPESADA;2011;// GRUPO EMI/ CC-0003 DEPTO. EQUIPOS - PATIO 2/ ;VENTA
PTAD-0015;PLATAFORMA TRABAJO ALTURA;JLG;800AJ;300126513;CDDH-27;PLATAFORMAS ELEVADORAS;MAQUINARIA SEMIPESADA;2008;// GRUPO EMI/ CC-0003 DEPTO. EQUIPOS - PATIO 2/ ;VENTA
PTAD-0017;PLATAFORMA TRABAJO ALTURA;JLG;800 AJ;0300261267;LRBY-62;PLATAFORMAS ELEVADORAS;MAQUINARIA SEMIPESADA;2019;// GRUPO EMI/ CC-0003 MAQUINARIAS Y EQUIPOS EIMI/ ;VENTA
PTAD-0018;PLATAFORMA TRABAJO ALTURA;JLG;800 AJ;0300261269;LRBY-61;PLATAFORMAS ELEVADORAS;MAQUINARIA SEMIPESADA;2020;// GRUPO EMI/ CC-0003 MAQUINARIAS Y EQUIPOS EIMI/ ;VENTA
PTAD-0019;PLATAFORMA TRABAJO ALTURA;JLG;1350 SJP;300265644;;PLATAFORMAS ELEVADORAS;MAQUINARIA SEMIPESADA;2019;// GRUPO EMI/ CC-0400 COLLAHUASI/ ;FUERA DE SERVICIO - REPARACION - MANTENCION
PTAD-0020;PLATAFORMA TRABAJO ALTURA;JLG;1350 SJP;300263885;;PLATAFORMAS ELEVADORAS;MAQUINARIA SEMIPESADA;2019;// GRUPO EMI/ CC-0003 MAQUINARIAS Y EQUIPOS EIMI/ ;DISPONIBLE PARA ARRIENDO
PTAD-0021;PLATAFORMA TRABAJO ALTURA;JLG;1350 SJP;300265897;;PLATAFORMAS ELEVADORAS;MAQUINARIA SEMIPESADA;2019;// GRUPO EMI/ CC-0003 MAQUINARIAS Y EQUIPOS EIMI/ ;DISPONIBLE PARA ARRIENDO
PTAD-0022;PLATAFORMA TRABAJO ALTURA;JLG;800AJ;0300189788;;PLATAFORMAS ELEVADORAS;MAQUINARIA SEMIPESADA;2015;// GRUPO EMI/ CC-0003 DEPTO. EQUIPOS - PATIO 2/ ;VENTA
PTAD-0023;PLATAFORMA TRABAJO ALTURA;JLG;800AJ;0300193104;;PLATAFORMAS ELEVADORAS;MAQUINARIA SEMIPESADA;2014;// GRUPO EMI/ CC-0003 DEPTO. EQUIPOS - PATIO 2/ ;VENTA
PTAD-0024;PLATAFORMA TRABAJO ALTURA;JLG;800AJ;300199143;;PLATAFORMAS ELEVADORAS;MAQUINARIA SEMIPESADA;2015;// GRUPO EMI/ CC-0003 DEPTO. EQUIPOS - PATIO 2/ ;VENTA
PTAD-0025;PLATAFORMA TRABAJO ALTURA;JLG;1250 SJP;0300252085;LPKZ-25;PLATAFORMAS ELEVADORAS;MAQUINARIA SEMIPESADA;2019;// GRUPO EMI/ CC-0003 MAQUINARIAS Y EQUIPOS EIMI/ ;VENTA
PTAD-0026;PLATAFORMA TRABAJO ALTURA;JLG;800 AJ;0300261268;LPKY-74;PLATAFORMAS ELEVADORAS;MAQUINARIA SEMIPESADA;2020;// GRUPO EMI/ CC-0003 MAQUINARIAS Y EQUIPOS EIMI/ ;DISPONIBLE PARA ARRIENDO
RAMP-0005;SEMIRREMOLQUE RAMPLA ;RANDON;SR-PT-CS-0335;9ADP1413KKM444649;KDJV-44;SEMIREMOLQUES;CAMIONES;2019;// GRUPO EMI/ CC-0403 RADOMIRO TOMIC/ ;OPERATIVO - EN USO
RAMP-0006;SEMIRREMOLQUE RAMPLA ;RANDON;SR-PT-CS-0330;9ADP1353KKM435855;KDJV-46;SEMIREMOLQUES;CAMIONES;2019;// GRUPO EMI/ CC-0389 K484 ENAP - SWS and WSA unit - Aconcagua Refinery, Chile - I03 General Construction Works/ ;OPERATIVO - EN USO
RAMP-0007;SEMIRREMOLQUE RAMPLA ;RANDON;SR-PT-CS-0330;9ADP1353KKM435856;KDJV-45;SEMIREMOLQUES;CAMIONES;2019;// GRUPO EMI/ CC-0387 EPC MUELLE CENTINELA/ ;OPERATIVO - EN USO
RAMP-0009;SEMIRREMOLQUE RAMPLA;RANDON;SR-PT-CS-03-30;9ADG1353STM561864;PWVC-87;;;2026;// GRUPO EMI/ CC-0400 COLLAHUASI/ ;OPERATIVO - EN USO
RAMP-0010;SEMIRREMOLQUE RAMPLA;RANDON;SR-PT-CS-03-30;9ADG1353STM561865;PWVC-71;;;2026;// GRUPO EMI/ CC-0003 MAQUINARIAS Y EQUIPOS EIMI/ ;DISPONIBLE PARA ARRIENDO
RAMP-0011;SEMIRREMOLQUE RAMPLA;RANDON;SR-CS-AL-03-35;91EC1413STE002850;PXLZ-37;;;2026;// GRUPO EMI/ CC-0003 MAQUINARIAS Y EQUIPOS EIMI/ ;EN PREPARACION OBRA
RAMP-0012;SEMIRREMOLQUE RAMPLA;RANDON;SR-CS-AL-03-35;91EC1413STE002851;PXLY-70;;;2026;// GRUPO EMI/ CC-0400 COLLAHUASI/ ;OPERATIVO - EN USO
RAMP-0013;SEMIRREMOLQUE RAMPLA;RANDON;SR-CS-AL-03-35;91EC1413STE002953;PXLZ-47;;;2026;// GRUPO EMI/ CC-0003 MAQUINARIAS Y EQUIPOS EIMI/ ;EN PREPARACION OBRA
RAMP-0014;SEMIRREMOLQUE RAMPLA;RANDON;SR-PT-CS-03-30;9ADK1353STM563275;PWXF-10;SEMIREMOLQUES;MAQUINARIA PESADA;2026;// GRUPO EMI/ CC-0415 Construccion y montajecondensadores sincronos S/E montemina/ ;OPERATIVO - EN USO
RTEX-0006;RETROEXCAVADORA;JCB;3CX 4X4;S0R3CXTTKK2740781;LPPX-47;RETROEXCAVADORAS;MAQUINARIA PESADA;2019;// GRUPO EMI/ CC-0003 - CALAMA/ ;EN PREPARACION OBRA
RTEX-0008;RETROEXCAVADORA;JOHN DEERE;310P;1BZ310PAARFX02218;VDTJ-81;RETROEXCAVADORAS;MAQUINARIA PESADA;2025;// GRUPO EMI/ CC-0403 RADOMIRO TOMIC/ ;OPERATIVO - EN USO
RTEX-0009;RETROEXCAVADORA;JOHN DEERE;310P;1BZ310PATRFX03179;VDTJ-82;RETROEXCAVADORAS;MAQUINARIA PESADA;2025;// GRUPO EMI/ CC-0403 RADOMIRO TOMIC/ ;OPERATIVO - EN USO
RTEX-0010;RETROEXCAVADORA;JHON DEERE;310P;1BZ310PALTFX05807;;RETROEXCAVADORA;;2026;// GRUPO EMI/ CC-0417 Contrato CC-006 Obras Civiles y Montaje Electromecánico PG210 Área Puerto/ CAMION PLUMA/ ;EN PREPARACION OBRA
RTEX-003A;MARTILLO HIDRAULICO;;;;;;;;// GRUPO EMI/ CC-0003 MAQUINARIAS Y EQUIPOS EIMI/ ;VENTA
TMFS-0001;TERMOFUSIONADORA;MCELROY;TRACSTAR 618 SERIE I AT18P1011851;C171688;;;;2025;// GRUPO EMI/ CC-0403 RADOMIRO TOMIC/ ;OPERATIVO - EN USO
TMFS-0002;TERMOFUSIONADORA;MCELROY;TRACSTAR 1200 SERIE I ;C172237;;;;2025;// GRUPO EMI/ CC-0403 RADOMIRO TOMIC/ ;OPERATIVO - EN USO
TRAC-0001;TRACTO CAMION;FREIGHTLINER;ARGOSY 6X4 60K ISM 400;1FUJAWA839LAA9917;BVWV-14;TRACTO CAMIONES;CAMIONES;2009;// GRUPO EMI/ CC-0003 MAQUINARIAS Y EQUIPOS EIMI/ ;VENTA
TRAC-0005;TRACTO CAMION PLUMA;INTERNATIONAL;7600 6X4;3HSWYAHT4DN293882;GJSD-53;TRACTO CAMIONES;CAMIONES;2014;// GRUPO EMI/ CC-0003 MAQUINARIAS Y EQUIPOS EIMI/ ;VENTA
TRAC-0006;TRACTO CAMION;VOLVO;FH 6X4 460;9BVRG40D2LE871491;LPCV-56;TRACTO CAMIONES;CAMIONES;2019;// GRUPO EMI/ CC-0387 EPC MUELLE CENTINELA/ ;OPERATIVO - EN USO
TRAC-0007;TRACTO CAMION;VOLVO;FH 6X4 460;9BVRG20D0LE868457;LJLG-33;TRACTO CAMIONES;CAMIONES;2019;// GRUPO EMI/ CC-0403 RADOMIRO TOMIC/ ;OPERATIVO - EN USO
TRAC-0008;TRACTO CAMION;VOLVO;FH 6X4 460;9BVRG20D3LE868458;LLWT-90;TRACTO CAMIONES;CAMIONES;2019;// GRUPO EMI/ CC-0389 K484 ENAP - SWS and WSA unit - Aconcagua Refinery, Chile - I03 General Construction Works/ ;OPERATIVO - EN USO
TRAC-0009;TRACTO CAMION PLUMA;VOLVO;FMX 500 8X4;93KXG30G4LE868711;LJTS-51;TRACTO CAMIONES;CAMIONES;2019;// GRUPO EMI/ CC-0408 RAJO OXIDOS/ ;OPERATIVO - EN USO
TRAC-0011;TRACTO CAMION;VOLVO;FH 6X4 460;9BVRG40D8PE917616;SBKD-97;TRACTO CAMIONES;CAMIONES;2022;// GRUPO EMI/ CC-0403 RADOMIRO TOMIC/ ;OPERATIVO - EN USO
TRAC-0012;TRACTO CAMION;MACK;AN64TX;1M1AN4HY2TM004846;VPSJ-40;;;2026;// GRUPO EMI/ CC-0400 COLLAHUASI/ ;OPERATIVO - EN USO
TRAC-0013;TRACTO CAMION;MACK;AN64TX;1M1AN4HY8TM004821;VPRR-88;;;2026;// GRUPO EMI/ CC-0400 COLLAHUASI/ ;OPERATIVO - EN USO
TRAC-0014;TRACTO CAMION PLUMA;RENAULT;C440;VF630S358SD000171;VPRR-87;;;2026;// GRUPO EMI/ CC-0403 RADOMIRO TOMIC/ ;OPERATIVO - EN USO
TRAC-0015;TRACTO CAMION PLUMA;RENAULT;C440;VF630S35XSD000172;VPRS-13;;;2026;// GRUPO EMI/ CC-0415 Construccion y montajecondensadores sincronos S/E montemina/ ;OPERATIVO - EN USO
TRAC-0016;TRACTO CAMION PLUMA;RENAULT;C440;VF630S353SD000160;VPRS-24;;;2026;// GRUPO EMI/ CC-0003 MAQUINARIAS Y EQUIPOS EIMI/ ;EN PREPARACION OBRA
TRAC-0017;TRACTO CAMION;MACK;AN64TX;1M1AN4HY5TM005084;VPZW-35;TRACTO CAMIONES;MAQUINARIA SEMIPESADA;2026;// GRUPO EMI/ CC-0003 MAQUINARIAS Y EQUIPOS EIMI/ ;EN PREPARACION OBRA
TRIL-0007;TORRE DE ILUMINACION;L. WACKER;LTN 6;20165762;;TORRES DE ILUMINACION;EQUIPOS MENORES;2002;// GRUPO EMI/ CC-0003 DEPTO. EQUIPOS - PATIO 2/ ;VENTA
TRIL-0008;TORRE DE ILUMINACION;INGERSOLLRAND;LSC;433324UKVEU6;;TORRES DE ILUMINACION;EQUIPOS MENORES;2008;// GRUPO EMI/ CC-0003 DEPTO. EQUIPOS - PATIO 2/ ;VENTA
TRIL-0009;TORRE DE ILUMINACION;INGERSOLLRAND;LSC;433352;;TORRES DE ILUMINACION;EQUIPOS MENORES;2011;// GRUPO EMI/ CC-0003 DEPTO. EQUIPOS - PATIO 2/ ;VENTA
TRIL-0010;TORRE DE ILUMINACION;INGERSOLLRAND;LSC;433357;;TORRES DE ILUMINACION;EQUIPOS MENORES;2012;// GRUPO EMI/ CC-0003 DEPTO. EQUIPOS - PATIO 2/ ;VENTA
TRIL-0011;TORRE DE ILUMINACION;INGERSOLLRAND;LSC;424123UCVE06.;;TORRES DE ILUMINACION;EQUIPOS MENORES;2011;// GRUPO EMI/ CC-0003 DEPTO. EQUIPOS - PATIO 2/ ;VENTA
TRIL-0012;TORRE DE ILUMINACION;INGERSOLLRAND;LSC;436784UBWE06;;TORRES DE ILUMINACION;EQUIPOS MENORES;2012;// GRUPO EMI/ CC-0003 DEPTO. EQUIPOS - PATIO 2/ ;VENTA
TRIL-0013;TORRE DE ILUMINACION;INGERSOLLRAND;LSC;429588UHVE06;;TORRES DE ILUMINACION;EQUIPOS MENORES;2012;// GRUPO EMI/ CC-0003 DEPTO. EQUIPOS - PATIO 2/ ;VENTA
TRIL-0014;TORRE DE ILUMINACION;TEREX;RL4000;RL410-3681;;TORRES DE ILUMINACION;EQUIPOS MENORES;2011;// GRUPO EMI/ CC-0003 DEPTO. EQUIPOS - PATIO 2/ ;VENTA
TRIL-0015;TORRE DE ILUMINACION;TEREX;RL4000;RL410-3683;;TORRES DE ILUMINACION;EQUIPOS MENORES;2011;// GRUPO EMI/ CC-0003 DEPTO. EQUIPOS - PATIO 2/ ;VENTA
TRIL-0016;TORRE DE ILUMINACION;L. WACKER;LTN 6;140-24389577;;TORRES DE ILUMINACION;EQUIPOS MENORES;2017;// GRUPO EMI/ CC-0003 DEPTO. EQUIPOS - PATIO 2/ ;VENTA
TRIL-0017;TORRE DE ILUMINACION;L. WACKER;LTN 6;140-24389580;;TORRES DE ILUMINACION;EQUIPOS MENORES;2017;// GRUPO EMI/ CC-0003 DEPTO. EQUIPOS - PATIO 2/ ;VENTA
TRIL-0018;TORRE DE ILUMINACION;L. WACKER;LTN 6;14024388299;;TORRES DE ILUMINACION;EQUIPOS MENORES;2017;// GRUPO EMI/ CC-0003 MAQUINARIAS Y EQUIPOS EIMI/ ;VENTA
TRIL-0019;TORRE DE ILUMINACION;MAGNUM;MLT3060MMH;1217412;;TORRES DE ILUMINACION;EQUIPOS MENORES;2012;// GRUPO EMI/ CC-0003 DEPTO. EQUIPOS - PATIO 2/ ;VENTA
TRIL-0020;TORRE DE ILUMINACION;MAGNUM;MLT3060MMH;1217401;;TORRES DE ILUMINACION;EQUIPOS MENORES;2012;// GRUPO EMI/ CC-0003 DEPTO. EQUIPOS - PATIO 2/ ;VENTA
TRIL-0021;TORRE DE ILUMINACION;JCB;LTM9;1698547;;TORRES DE ILUMINACION;EQUIPOS MENORES;2018;// GRUPO EMI/ CC-0400 COLLAHUASI/ ;OPERATIVO - EN USO
TRIL-0022;TORRE DE ILUMINACION;JCB;LTM9;1698523;;TORRES DE ILUMINACION;EQUIPOS MENORES;2018;// GRUPO EMI/ CC-0003 DEPTO. EQUIPOS - PATIO 2/ ;VENTA
TRIL-0023;TORRE DE ILUMINACION;JCB;LTM9;1698548;;TORRES DE ILUMINACION;EQUIPOS MENORES;2018;// GRUPO EMI/ CC-0003 DEPTO. EQUIPOS - PATIO 2/ ;VENTA
TRIL-0024;TORRE DE ILUMINACION;ATLAS COPCO;HILIGTH B5;WUX920325;;TORRES DE ILUMINACION;EQUIPOS MENORES;2019;// GRUPO EMI/ CC-0389 K484 ENAP - SWS and WSA unit - Aconcagua Refinery, Chile - I03 General Construction Works/ ;OPERATIVO - EN USO
TRIL-0025;TORRE DE ILUMINACION;ATLAS COPCO;HILIGTH B5;WUX920326;;TORRES DE ILUMINACION;EQUIPOS MENORES;2019;// GRUPO EMI/ CC-0003 MAQUINARIAS Y EQUIPOS EIMI/ ;VENTA
TRIL-0026;TORRE DE ILUMINACION;ATLAS COPCO;HILIGTH B5;WUX920328;;TORRES DE ILUMINACION;EQUIPOS MENORES;2019;// GRUPO EMI/ CC-0400 COLLAHUASI/ ;OPERATIVO - EN USO
TRIL-0027;TORRE DE ILUMINACION;ATLAS COPCO;HILIGTH B5;WUX920330;;TORRES DE ILUMINACION;EQUIPOS MENORES;2019;// GRUPO EMI/ CC-0003 MAQUINARIAS Y EQUIPOS EIMI/ ;VENTA
TRIL-0028;TORRE DE ILUMINACION;ATLAS COPCO;HILIGTH B5;WUX920337;;TORRES DE ILUMINACION;EQUIPOS MENORES;2019;// GRUPO EMI/ CC-0003 MAQUINARIAS Y EQUIPOS EIMI/ ;VENTA
TRIL-0029;TORRE DE ILUMINACION;JCB;LTM-9;1699152;;TORRES DE ILUMINACION;EQUIPOS MENORES;2019;// GRUPO EMI/ CC-0003 MAQUINARIAS Y EQUIPOS EIMI/ ;DISPONIBLE PARA ARRIENDO
TRIL-0030;TORRE DE ILUMINACION;JCB;LTM-9;1699382;;TORRES DE ILUMINACION;EQUIPOS MENORES;2019;// GRUPO EMI/ CC-0003 DEPTO. EQUIPOS - PATIO 2/ ;VENTA
TRIL-0031;TORRE DE ILUMINACION;JCB;LTM-9;1699066;;TORRES DE ILUMINACION;EQUIPOS MENORES;2019;// GRUPO EMI/ CC-0003 DEPTO. EQUIPOS - PATIO 2/ ;VENTA
TRIL-0032;TORRE DE ILUMINACION;JCB;LTM-9;1699150;;TORRES DE ILUMINACION;EQUIPOS MENORES;2019;// GRUPO EMI/ CC-0003 MAQUINARIAS Y EQUIPOS EIMI/ ;VENTA
TRIL-0033;TORRE DE ILUMINACION;JCB;LTM-9;1699151;;TORRES DE ILUMINACION;EQUIPOS MENORES;2019;// GRUPO EMI/ CC-0003 DEPTO. EQUIPOS - PATIO 2/ ;VENTA
TRIL-0034;TORRE DE ILUMINACION;JCB;LTM-9;1699383;;TORRES DE ILUMINACION;EQUIPOS MENORES;2019;// GRUPO EMI/ CC-0003 DEPTO. EQUIPOS - PATIO 2/ ;VENTA
TRIL-0035;TORRE DE ILUMINACION;JCB;LTM-9;1699149;;TORRES DE ILUMINACION;EQUIPOS MENORES;2019;// GRUPO EMI/ CC-0003 MAQUINARIAS Y EQUIPOS EIMI/ ;VENTA
TRIL-0036;TORRE DE ILUMINACION;JCB;LTM-9;1699063;;TORRES DE ILUMINACION;EQUIPOS MENORES;2019;// GRUPO EMI/ CC-0003 MAQUINARIAS Y EQUIPOS EIMI/ ;DISPONIBLE PARA ARRIENDO
TRIL-0037;TORRE DE ILUMINACION;JCB;LTM-9;1699062;;TORRES DE ILUMINACION;EQUIPOS MENORES;2019;// GRUPO EMI/ CC-0389 K484 ENAP - SWS and WSA unit - Aconcagua Refinery, Chile - I03 General Construction Works/ ;OPERATIVO - EN USO
TRIL-0038;TORRE DE ILUMINACION;JCB;LTM-9;1699065;;TORRES DE ILUMINACION;EQUIPOS MENORES;2019;// GRUPO EMI/ CC-0389 K484 ENAP - SWS and WSA unit - Aconcagua Refinery, Chile - I03 General Construction Works/ ;OPERATIVO - EN USO
VCLF-0001;VACUUM LIFT;VACUWORK;RC-10;;;;;;// GRUPO EMI/ CC-0403 RADOMIRO TOMIC/ ;OPERATIVO - EN USO
TRIS-0001;TORRE DE ILUMINACION SOLAR;BE ENERGY;COMPACTLINE;202602-0027;;TORRES DE ILUMINACION;EQUIPOS MENORES;2026;// GRUPO EMI/ CC-0417 Contrato CC-006 Obras Civiles y Montaje Electromecánico PG210 Área Puerto/ CAMION PLUMA/ ;EN PREPARACION OBRA
TRIS-0002;TORRE DE ILUMINACION SOLAR;BE ENERGY;COMPACTLINE;202602-0024;;TORRES DE ILUMINACION;EQUIPOS MENORES;2026;// GRUPO EMI/ CC-0417 Contrato CC-006 Obras Civiles y Montaje Electromecánico PG210 Área Puerto/ CAMION PLUMA/ ;EN PREPARACION OBRA
TRIS-0003;TORRE DE ILUMINACION SOLAR;BE ENERGY;COMPACTLINE;202602-0026;;TORRES DE ILUMINACION;EQUIPOS MENORES;2026;// GRUPO EMI/ CC-0417 Contrato CC-006 Obras Civiles y Montaje Electromecánico PG210 Área Puerto/ CAMION PLUMA/ ;EN PREPARACION OBRA
TRIS-0004;TORRE DE ILUMINACION SOLAR;BE ENERGY;COMPACTLINE;202602-0023;;TORRES DE ILUMINACION;EQUIPOS MENORES;2026;// GRUPO EMI/ CC-0417 Contrato CC-006 Obras Civiles y Montaje Electromecánico PG210 Área Puerto/ CAMION PLUMA/ ;EN PREPARACION OBRA
TRIS-0005;TORRE DE ILUMINACION SOLAR;BE ENERGY;COMPACTLINE;202602-0025;;TORRES DE ILUMINACION;EQUIPOS MENORES;2026;// GRUPO EMI/ CC-0417 Contrato CC-006 Obras Civiles y Montaje Electromecánico PG210 Área Puerto/ CAMION PLUMA/ ;EN PREPARACION OBRA
TRIS-0006;TORRE DE ILUMINACION SOLAR;BE ENERGY;COMPACTLINE;202602-0022;;TORRES DE ILUMINACION;EQUIPOS MENORES;2026;// GRUPO EMI/ CC-0417 Contrato CC-006 Obras Civiles y Montaje Electromecánico PG210 Área Puerto/ CAMION PLUMA/ ;EN PREPARACION OBRA
